graph_name,graph_source,num_nodes,num_edges,epsilon,top_k,top_k_ratio,exact_time,method_x,method_y,spearman
Celegans,real,297,2148,0.2,30,0.1,0.18795347213745117,EXACT,EXACT,1.0
Celegans,real,297,2148,0.2,30,0.1,0.18795347213745117,EXACT,BP,0.5045905969472294
Celegans,real,297,2148,0.2,30,0.1,0.18795347213745117,EXACT,RK,0.5987189458992002
Celegans,real,297,2148,0.2,30,0.1,0.18795347213745117,EXACT,ABRA,0.9017249362115792
Celegans,real,297,2148,0.2,30,0.1,0.18795347213745117,EXACT,SILVAN,0.9269869692729062
Celegans,real,297,2148,0.2,30,0.1,0.18795347213745117,EXACT,GPU_SIR_BRIDGE,0.8974636681053526
Celegans,real,297,2148,0.2,30,0.1,0.18795347213745117,BP,EXACT,0.5045905969472293
Celegans,real,297,2148,0.2,30,0.1,0.18795347213745117,BP,BP,1.0
Celegans,real,297,2148,0.2,30,0.1,0.18795347213745117,BP,RK,0.3267771570637215
Celegans,real,297,2148,0.2,30,0.1,0.18795347213745117,BP,ABRA,0.4763239502396942
Celegans,real,297,2148,0.2,30,0.1,0.18795347213745117,BP,SILVAN,0.48458672751428195
Celegans,real,297,2148,0.2,30,0.1,0.18795347213745117,BP,GPU_SIR_BRIDGE,0.43621166753910434
Celegans,real,297,2148,0.2,30,0.1,0.18795347213745117,RK,EXACT,0.5987189458992002
Celegans,real,297,2148,0.2,30,0.1,0.18795347213745117,RK,BP,0.3267771570637215
Celegans,real,297,2148,0.2,30,0.1,0.18795347213745117,RK,RK,1.0
Celegans,real,297,2148,0.2,30,0.1,0.18795347213745117,RK,ABRA,0.5272724155709557
Celegans,real,297,2148,0.2,30,0.1,0.18795347213745117,RK,SILVAN,0.5590704658189417
Celegans,real,297,2148,0.2,30,0.1,0.18795347213745117,RK,GPU_SIR_BRIDGE,0.5611785526362552
Celegans,real,297,2148,0.2,30,0.1,0.18795347213745117,ABRA,EXACT,0.9017249362115792
Celegans,real,297,2148,0.2,30,0.1,0.18795347213745117,ABRA,BP,0.4763239502396942
Celegans,real,297,2148,0.2,30,0.1,0.18795347213745117,ABRA,RK,0.5272724155709557
Celegans,real,297,2148,0.2,30,0.1,0.18795347213745117,ABRA,ABRA,1.0
Celegans,real,297,2148,0.2,30,0.1,0.18795347213745117,ABRA,SILVAN,0.8350237177241179
Celegans,real,297,2148,0.2,30,0.1,0.18795347213745117,ABRA,GPU_SIR_BRIDGE,0.8180971049982735
Celegans,real,297,2148,0.2,30,0.1,0.18795347213745117,SILVAN,EXACT,0.9269869692729061
Celegans,real,297,2148,0.2,30,0.1,0.18795347213745117,SILVAN,BP,0.4845867275142819
Celegans,real,297,2148,0.2,30,0.1,0.18795347213745117,SILVAN,RK,0.5590704658189418
Celegans,real,297,2148,0.2,30,0.1,0.18795347213745117,SILVAN,ABRA,0.835023717724118
Celegans,real,297,2148,0.2,30,0.1,0.18795347213745117,SILVAN,SILVAN,1.0
Celegans,real,297,2148,0.2,30,0.1,0.18795347213745117,SILVAN,GPU_SIR_BRIDGE,0.831638906785923
Celegans,real,297,2148,0.2,30,0.1,0.18795347213745117,GPU_SIR_BRIDGE,EXACT,0.8974636681053526
Celegans,real,297,2148,0.2,30,0.1,0.18795347213745117,GPU_SIR_BRIDGE,BP,0.43621166753910434
Celegans,real,297,2148,0.2,30,0.1,0.18795347213745117,GPU_SIR_BRIDGE,RK,0.5611785526362552
Celegans,real,297,2148,0.2,30,0.1,0.18795347213745117,GPU_SIR_BRIDGE,ABRA,0.8180971049982735
Celegans,real,297,2148,0.2,30,0.1,0.18795347213745117,GPU_SIR_BRIDGE,SILVAN,0.831638906785923
Celegans,real,297,2148,0.2,30,0.1,0.18795347213745117,GPU_SIR_BRIDGE,GPU_SIR_BRIDGE,1.0
Fb-tvshow,real,3892,17262,0.2,390,0.1,199.50141406059265,EXACT,EXACT,1.0
Fb-tvshow,real,3892,17262,0.2,390,0.1,199.50141406059265,EXACT,BP,0.6075211707284345
Fb-tvshow,real,3892,17262,0.2,390,0.1,199.50141406059265,EXACT,RK,0.5046924384990187
Fb-tvshow,real,3892,17262,0.2,390,0.1,199.50141406059265,EXACT,ABRA,0.6782681912193611
Fb-tvshow,real,3892,17262,0.2,390,0.1,199.50141406059265,EXACT,SILVAN,0.7812242462269502
Fb-tvshow,real,3892,17262,0.2,390,0.1,199.50141406059265,EXACT,GPU_SIR_BRIDGE,0.7803362433581147
Fb-tvshow,real,3892,17262,0.2,390,0.1,199.50141406059265,BP,EXACT,0.6075211707284346
Fb-tvshow,real,3892,17262,0.2,390,0.1,199.50141406059265,BP,BP,1.0
Fb-tvshow,real,3892,17262,0.2,390,0.1,199.50141406059265,BP,RK,0.48617736379427595
Fb-tvshow,real,3892,17262,0.2,390,0.1,199.50141406059265,BP,ABRA,0.556034112216
Fb-tvshow,real,3892,17262,0.2,390,0.1,199.50141406059265,BP,SILVAN,0.6276322989351903
Fb-tvshow,real,3892,17262,0.2,390,0.1,199.50141406059265,BP,GPU_SIR_BRIDGE,0.4790268059842991
Fb-tvshow,real,3892,17262,0.2,390,0.1,199.50141406059265,RK,EXACT,0.5046924384990187
Fb-tvshow,real,3892,17262,0.2,390,0.1,199.50141406059265,RK,BP,0.4861773637942759
Fb-tvshow,real,3892,17262,0.2,390,0.1,199.50141406059265,RK,RK,1.0
Fb-tvshow,real,3892,17262,0.2,390,0.1,199.50141406059265,RK,ABRA,0.4651096705553658
Fb-tvshow,real,3892,17262,0.2,390,0.1,199.50141406059265,RK,SILVAN,0.5282031426844037
Fb-tvshow,real,3892,17262,0.2,390,0.1,199.50141406059265,RK,GPU_SIR_BRIDGE,0.3942461379507413
Fb-tvshow,real,3892,17262,0.2,390,0.1,199.50141406059265,ABRA,EXACT,0.6782681912193612
Fb-tvshow,real,3892,17262,0.2,390,0.1,199.50141406059265,ABRA,BP,0.556034112216
Fb-tvshow,real,3892,17262,0.2,390,0.1,199.50141406059265,ABRA,RK,0.46510967055536573
Fb-tvshow,real,3892,17262,0.2,390,0.1,199.50141406059265,ABRA,ABRA,1.0
Fb-tvshow,real,3892,17262,0.2,390,0.1,199.50141406059265,ABRA,SILVAN,0.648359629649921
Fb-tvshow,real,3892,17262,0.2,390,0.1,199.50141406059265,ABRA,GPU_SIR_BRIDGE,0.5786329385308627
Fb-tvshow,real,3892,17262,0.2,390,0.1,199.50141406059265,SILVAN,EXACT,0.7812242462269502
Fb-tvshow,real,3892,17262,0.2,390,0.1,199.50141406059265,SILVAN,BP,0.6276322989351903
Fb-tvshow,real,3892,17262,0.2,390,0.1,199.50141406059265,SILVAN,RK,0.5282031426844038
Fb-tvshow,real,3892,17262,0.2,390,0.1,199.50141406059265,SILVAN,ABRA,0.6483596296499209
Fb-tvshow,real,3892,17262,0.2,390,0.1,199.50141406059265,SILVAN,SILVAN,1.0
Fb-tvshow,real,3892,17262,0.2,390,0.1,199.50141406059265,SILVAN,GPU_SIR_BRIDGE,0.5942926573760627
Fb-tvshow,real,3892,17262,0.2,390,0.1,199.50141406059265,GPU_SIR_BRIDGE,EXACT,0.7803362433581147
Fb-tvshow,real,3892,17262,0.2,390,0.1,199.50141406059265,GPU_SIR_BRIDGE,BP,0.4790268059842991
Fb-tvshow,real,3892,17262,0.2,390,0.1,199.50141406059265,GPU_SIR_BRIDGE,RK,0.3942461379507413
Fb-tvshow,real,3892,17262,0.2,390,0.1,199.50141406059265,GPU_SIR_BRIDGE,ABRA,0.5786329385308627
Fb-tvshow,real,3892,17262,0.2,390,0.1,199.50141406059265,GPU_SIR_BRIDGE,SILVAN,0.5942926573760627
Fb-tvshow,real,3892,17262,0.2,390,0.1,199.50141406059265,GPU_SIR_BRIDGE,GPU_SIR_BRIDGE,1.0
Router,real,5022,6258,0.2,503,0.1,163.62896919250488,EXACT,EXACT,1.0
Router,real,5022,6258,0.2,503,0.1,163.62896919250488,EXACT,BP,0.5402752839803675
Router,real,5022,6258,0.2,503,0.1,163.62896919250488,EXACT,RK,0.4697804845685566
Router,real,5022,6258,0.2,503,0.1,163.62896919250488,EXACT,ABRA,0.6672764620406596
Router,real,5022,6258,0.2,503,0.1,163.62896919250488,EXACT,SILVAN,0.8464345673674387
Router,real,5022,6258,0.2,503,0.1,163.62896919250488,EXACT,GPU_SIR_BRIDGE,0.7691587868160173
Router,real,5022,6258,0.2,503,0.1,163.62896919250488,BP,EXACT,0.5402752839803675
Router,real,5022,6258,0.2,503,0.1,163.62896919250488,BP,BP,1.0
Router,real,5022,6258,0.2,503,0.1,163.62896919250488,BP,RK,0.5350145910247368
Router,real,5022,6258,0.2,503,0.1,163.62896919250488,BP,ABRA,0.5605192008978204
Router,real,5022,6258,0.2,503,0.1,163.62896919250488,BP,SILVAN,0.5436847682220942
Router,real,5022,6258,0.2,503,0.1,163.62896919250488,BP,GPU_SIR_BRIDGE,0.4197017421863893
Router,real,5022,6258,0.2,503,0.1,163.62896919250488,RK,EXACT,0.46978048456855653
Router,real,5022,6258,0.2,503,0.1,163.62896919250488,RK,BP,0.5350145910247368
Router,real,5022,6258,0.2,503,0.1,163.62896919250488,RK,RK,1.0
Router,real,5022,6258,0.2,503,0.1,163.62896919250488,RK,ABRA,0.5019320011164423
Router,real,5022,6258,0.2,503,0.1,163.62896919250488,RK,SILVAN,0.49039913206571634
Router,real,5022,6258,0.2,503,0.1,163.62896919250488,RK,GPU_SIR_BRIDGE,0.3701129806548629
Router,real,5022,6258,0.2,503,0.1,163.62896919250488,ABRA,EXACT,0.6672764620406597
Router,real,5022,6258,0.2,503,0.1,163.62896919250488,ABRA,BP,0.5605192008978204
Router,real,5022,6258,0.2,503,0.1,163.62896919250488,ABRA,RK,0.5019320011164423
Router,real,5022,6258,0.2,503,0.1,163.62896919250488,ABRA,ABRA,1.0
Router,real,5022,6258,0.2,503,0.1,163.62896919250488,ABRA,SILVAN,0.6451001260590271
Router,real,5022,6258,0.2,503,0.1,163.62896919250488,ABRA,GPU_SIR_BRIDGE,0.5202464181722091
Router,real,5022,6258,0.2,503,0.1,163.62896919250488,SILVAN,EXACT,0.8464345673674387
Router,real,5022,6258,0.2,503,0.1,163.62896919250488,SILVAN,BP,0.5436847682220942
Router,real,5022,6258,0.2,503,0.1,163.62896919250488,SILVAN,RK,0.49039913206571634
Router,real,5022,6258,0.2,503,0.1,163.62896919250488,SILVAN,ABRA,0.6451001260590271
Router,real,5022,6258,0.2,503,0.1,163.62896919250488,SILVAN,SILVAN,1.0
Router,real,5022,6258,0.2,503,0.1,163.62896919250488,SILVAN,GPU_SIR_BRIDGE,0.6429005828384454
Router,real,5022,6258,0.2,503,0.1,163.62896919250488,GPU_SIR_BRIDGE,EXACT,0.7691587868160175
Router,real,5022,6258,0.2,503,0.1,163.62896919250488,GPU_SIR_BRIDGE,BP,0.4197017421863892
Router,real,5022,6258,0.2,503,0.1,163.62896919250488,GPU_SIR_BRIDGE,RK,0.3701129806548629
Router,real,5022,6258,0.2,503,0.1,163.62896919250488,GPU_SIR_BRIDGE,ABRA,0.5202464181722092
Router,real,5022,6258,0.2,503,0.1,163.62896919250488,GPU_SIR_BRIDGE,SILVAN,0.6429005828384455
Router,real,5022,6258,0.2,503,0.1,163.62896919250488,GPU_SIR_BRIDGE,GPU_SIR_BRIDGE,1.0
Soc-hamsterster,real,2000,16097,0.2,200,0.1,10.774516344070435,EXACT,EXACT,1.0
Soc-hamsterster,real,2000,16097,0.2,200,0.1,10.774516344070435,EXACT,BP,0.5294318715681359
Soc-hamsterster,real,2000,16097,0.2,200,0.1,10.774516344070435,EXACT,RK,0.5068623790631711
Soc-hamsterster,real,2000,16097,0.2,200,0.1,10.774516344070435,EXACT,ABRA,0.7429842222912182
Soc-hamsterster,real,2000,16097,0.2,200,0.1,10.774516344070435,EXACT,SILVAN,0.7317767954469812
Soc-hamsterster,real,2000,16097,0.2,200,0.1,10.774516344070435,EXACT,GPU_SIR_BRIDGE,0.8536815239723538
Soc-hamsterster,real,2000,16097,0.2,200,0.1,10.774516344070435,BP,EXACT,0.5294318715681359
Soc-hamsterster,real,2000,16097,0.2,200,0.1,10.774516344070435,BP,BP,1.0
Soc-hamsterster,real,2000,16097,0.2,200,0.1,10.774516344070435,BP,RK,0.5335822625691398
Soc-hamsterster,real,2000,16097,0.2,200,0.1,10.774516344070435,BP,ABRA,0.46161101638538743
Soc-hamsterster,real,2000,16097,0.2,200,0.1,10.774516344070435,BP,SILVAN,0.5308142601000365
Soc-hamsterster,real,2000,16097,0.2,200,0.1,10.774516344070435,BP,GPU_SIR_BRIDGE,0.49744456800030157
Soc-hamsterster,real,2000,16097,0.2,200,0.1,10.774516344070435,RK,EXACT,0.5068623790631711
Soc-hamsterster,real,2000,16097,0.2,200,0.1,10.774516344070435,RK,BP,0.5335822625691399
Soc-hamsterster,real,2000,16097,0.2,200,0.1,10.774516344070435,RK,RK,1.0
Soc-hamsterster,real,2000,16097,0.2,200,0.1,10.774516344070435,RK,ABRA,0.43241891039501645
Soc-hamsterster,real,2000,16097,0.2,200,0.1,10.774516344070435,RK,SILVAN,0.5404143865227734
Soc-hamsterster,real,2000,16097,0.2,200,0.1,10.774516344070435,RK,GPU_SIR_BRIDGE,0.4690163216711207
Soc-hamsterster,real,2000,16097,0.2,200,0.1,10.774516344070435,ABRA,EXACT,0.7429842222912182
Soc-hamsterster,real,2000,16097,0.2,200,0.1,10.774516344070435,ABRA,BP,0.4616110163853874
Soc-hamsterster,real,2000,16097,0.2,200,0.1,10.774516344070435,ABRA,RK,0.43241891039501645
Soc-hamsterster,real,2000,16097,0.2,200,0.1,10.774516344070435,ABRA,ABRA,1.0
Soc-hamsterster,real,2000,16097,0.2,200,0.1,10.774516344070435,ABRA,SILVAN,0.6136012898615221
Soc-hamsterster,real,2000,16097,0.2,200,0.1,10.774516344070435,ABRA,GPU_SIR_BRIDGE,0.6819015901185593
Soc-hamsterster,real,2000,16097,0.2,200,0.1,10.774516344070435,SILVAN,EXACT,0.7317767954469812
Soc-hamsterster,real,2000,16097,0.2,200,0.1,10.774516344070435,SILVAN,BP,0.5308142601000366
Soc-hamsterster,real,2000,16097,0.2,200,0.1,10.774516344070435,SILVAN,RK,0.5404143865227734
Soc-hamsterster,real,2000,16097,0.2,200,0.1,10.774516344070435,SILVAN,ABRA,0.6136012898615221
Soc-hamsterster,real,2000,16097,0.2,200,0.1,10.774516344070435,SILVAN,SILVAN,1.0
Soc-hamsterster,real,2000,16097,0.2,200,0.1,10.774516344070435,SILVAN,GPU_SIR_BRIDGE,0.6763342894601396
Soc-hamsterster,real,2000,16097,0.2,200,0.1,10.774516344070435,GPU_SIR_BRIDGE,EXACT,0.8536815239723538
Soc-hamsterster,real,2000,16097,0.2,200,0.1,10.774516344070435,GPU_SIR_BRIDGE,BP,0.4974445680003017
Soc-hamsterster,real,2000,16097,0.2,200,0.1,10.774516344070435,GPU_SIR_BRIDGE,RK,0.46901632167112073
Soc-hamsterster,real,2000,16097,0.2,200,0.1,10.774516344070435,GPU_SIR_BRIDGE,ABRA,0.6819015901185593
Soc-hamsterster,real,2000,16097,0.2,200,0.1,10.774516344070435,GPU_SIR_BRIDGE,SILVAN,0.6763342894601397
Soc-hamsterster,real,2000,16097,0.2,200,0.1,10.774516344070435,GPU_SIR_BRIDGE,GPU_SIR_BRIDGE,1.0
Yeast,real,2375,11693,0.2,238,0.1,12.728102445602417,EXACT,EXACT,1.0
Yeast,real,2375,11693,0.2,238,0.1,12.728102445602417,EXACT,BP,0.6112828362432527
Yeast,real,2375,11693,0.2,238,0.1,12.728102445602417,EXACT,RK,0.5445972877126298
Yeast,real,2375,11693,0.2,238,0.1,12.728102445602417,EXACT,ABRA,0.8066523433695275
Yeast,real,2375,11693,0.2,238,0.1,12.728102445602417,EXACT,SILVAN,0.8333645958827096
Yeast,real,2375,11693,0.2,238,0.1,12.728102445602417,EXACT,GPU_SIR_BRIDGE,0.8517890134357515
Yeast,real,2375,11693,0.2,238,0.1,12.728102445602417,BP,EXACT,0.6112828362432529
Yeast,real,2375,11693,0.2,238,0.1,12.728102445602417,BP,BP,1.0
Yeast,real,2375,11693,0.2,238,0.1,12.728102445602417,BP,RK,0.45608094807361355
Yeast,real,2375,11693,0.2,238,0.1,12.728102445602417,BP,ABRA,0.5700930994911315
Yeast,real,2375,11693,0.2,238,0.1,12.728102445602417,BP,SILVAN,0.6120981432071189
Yeast,real,2375,11693,0.2,238,0.1,12.728102445602417,BP,GPU_SIR_BRIDGE,0.5134827684975947
Yeast,real,2375,11693,0.2,238,0.1,12.728102445602417,RK,EXACT,0.5445972877126298
Yeast,real,2375,11693,0.2,238,0.1,12.728102445602417,RK,BP,0.45608094807361355
Yeast,real,2375,11693,0.2,238,0.1,12.728102445602417,RK,RK,1.0
Yeast,real,2375,11693,0.2,238,0.1,12.728102445602417,RK,ABRA,0.48729335071787255
Yeast,real,2375,11693,0.2,238,0.1,12.728102445602417,RK,SILVAN,0.5370862343870235
Yeast,real,2375,11693,0.2,238,0.1,12.728102445602417,RK,GPU_SIR_BRIDGE,0.47882862591618003
Yeast,real,2375,11693,0.2,238,0.1,12.728102445602417,ABRA,EXACT,0.8066523433695276
Yeast,real,2375,11693,0.2,238,0.1,12.728102445602417,ABRA,BP,0.5700930994911315
Yeast,real,2375,11693,0.2,238,0.1,12.728102445602417,ABRA,RK,0.4872933507178726
Yeast,real,2375,11693,0.2,238,0.1,12.728102445602417,ABRA,ABRA,1.0
Yeast,real,2375,11693,0.2,238,0.1,12.728102445602417,ABRA,SILVAN,0.7301179761465236
Yeast,real,2375,11693,0.2,238,0.1,12.728102445602417,ABRA,GPU_SIR_BRIDGE,0.7147340665160561
Yeast,real,2375,11693,0.2,238,0.1,12.728102445602417,SILVAN,EXACT,0.8333645958827096
Yeast,real,2375,11693,0.2,238,0.1,12.728102445602417,SILVAN,BP,0.612098143207119
Yeast,real,2375,11693,0.2,238,0.1,12.728102445602417,SILVAN,RK,0.5370862343870235
Yeast,real,2375,11693,0.2,238,0.1,12.728102445602417,SILVAN,ABRA,0.7301179761465236
Yeast,real,2375,11693,0.2,238,0.1,12.728102445602417,SILVAN,SILVAN,1.0
Yeast,real,2375,11693,0.2,238,0.1,12.728102445602417,SILVAN,GPU_SIR_BRIDGE,0.7002296298711476
Yeast,real,2375,11693,0.2,238,0.1,12.728102445602417,GPU_SIR_BRIDGE,EXACT,0.8517890134357515
Yeast,real,2375,11693,0.2,238,0.1,12.728102445602417,GPU_SIR_BRIDGE,BP,0.5134827684975947
Yeast,real,2375,11693,0.2,238,0.1,12.728102445602417,GPU_SIR_BRIDGE,RK,0.47882862591618
Yeast,real,2375,11693,0.2,238,0.1,12.728102445602417,GPU_SIR_BRIDGE,ABRA,0.7147340665160561
Yeast,real,2375,11693,0.2,238,0.1,12.728102445602417,GPU_SIR_BRIDGE,SILVAN,0.7002296298711476
Yeast,real,2375,11693,0.2,238,0.1,12.728102445602417,GPU_SIR_BRIDGE,GPU_SIR_BRIDGE,1.0
bitcoin-alpha,real,3783,14124,0.2,379,0.1,85.46698427200317,EXACT,EXACT,1.0
bitcoin-alpha,real,3783,14124,0.2,379,0.1,85.46698427200317,EXACT,BP,0.45978612658798945
bitcoin-alpha,real,3783,14124,0.2,379,0.1,85.46698427200317,EXACT,RK,0.3922558563415133
bitcoin-alpha,real,3783,14124,0.2,379,0.1,85.46698427200317,EXACT,ABRA,0.6749026424722322
bitcoin-alpha,real,3783,14124,0.2,379,0.1,85.46698427200317,EXACT,SILVAN,0.6628566772886616
bitcoin-alpha,real,3783,14124,0.2,379,0.1,85.46698427200317,EXACT,GPU_SIR_BRIDGE,0.9162188286331091
bitcoin-alpha,real,3783,14124,0.2,379,0.1,85.46698427200317,BP,EXACT,0.4597861265879895
bitcoin-alpha,real,3783,14124,0.2,379,0.1,85.46698427200317,BP,BP,1.0
bitcoin-alpha,real,3783,14124,0.2,379,0.1,85.46698427200317,BP,RK,0.4619432913744014
bitcoin-alpha,real,3783,14124,0.2,379,0.1,85.46698427200317,BP,ABRA,0.5161253386175149
bitcoin-alpha,real,3783,14124,0.2,379,0.1,85.46698427200317,BP,SILVAN,0.5683341709646701
bitcoin-alpha,real,3783,14124,0.2,379,0.1,85.46698427200317,BP,GPU_SIR_BRIDGE,0.4339104583012806
bitcoin-alpha,real,3783,14124,0.2,379,0.1,85.46698427200317,RK,EXACT,0.3922558563415133
bitcoin-alpha,real,3783,14124,0.2,379,0.1,85.46698427200317,RK,BP,0.4619432913744014
bitcoin-alpha,real,3783,14124,0.2,379,0.1,85.46698427200317,RK,RK,1.0
bitcoin-alpha,real,3783,14124,0.2,379,0.1,85.46698427200317,RK,ABRA,0.4240284311800818
bitcoin-alpha,real,3783,14124,0.2,379,0.1,85.46698427200317,RK,SILVAN,0.4694105857809931
bitcoin-alpha,real,3783,14124,0.2,379,0.1,85.46698427200317,RK,GPU_SIR_BRIDGE,0.36713752972056035
bitcoin-alpha,real,3783,14124,0.2,379,0.1,85.46698427200317,ABRA,EXACT,0.6749026424722322
bitcoin-alpha,real,3783,14124,0.2,379,0.1,85.46698427200317,ABRA,BP,0.5161253386175149
bitcoin-alpha,real,3783,14124,0.2,379,0.1,85.46698427200317,ABRA,RK,0.4240284311800818
bitcoin-alpha,real,3783,14124,0.2,379,0.1,85.46698427200317,ABRA,ABRA,1.0
bitcoin-alpha,real,3783,14124,0.2,379,0.1,85.46698427200317,ABRA,SILVAN,0.6307346967013294
bitcoin-alpha,real,3783,14124,0.2,379,0.1,85.46698427200317,ABRA,GPU_SIR_BRIDGE,0.636568283496772
bitcoin-alpha,real,3783,14124,0.2,379,0.1,85.46698427200317,SILVAN,EXACT,0.6628566772886616
bitcoin-alpha,real,3783,14124,0.2,379,0.1,85.46698427200317,SILVAN,BP,0.5683341709646701
bitcoin-alpha,real,3783,14124,0.2,379,0.1,85.46698427200317,SILVAN,RK,0.4694105857809931
bitcoin-alpha,real,3783,14124,0.2,379,0.1,85.46698427200317,SILVAN,ABRA,0.6307346967013295
bitcoin-alpha,real,3783,14124,0.2,379,0.1,85.46698427200317,SILVAN,SILVAN,1.0
bitcoin-alpha,real,3783,14124,0.2,379,0.1,85.46698427200317,SILVAN,GPU_SIR_BRIDGE,0.617226571130064
bitcoin-alpha,real,3783,14124,0.2,379,0.1,85.46698427200317,GPU_SIR_BRIDGE,EXACT,0.9162188286331091
bitcoin-alpha,real,3783,14124,0.2,379,0.1,85.46698427200317,GPU_SIR_BRIDGE,BP,0.4339104583012806
bitcoin-alpha,real,3783,14124,0.2,379,0.1,85.46698427200317,GPU_SIR_BRIDGE,RK,0.3671375297205604
bitcoin-alpha,real,3783,14124,0.2,379,0.1,85.46698427200317,GPU_SIR_BRIDGE,ABRA,0.636568283496772
bitcoin-alpha,real,3783,14124,0.2,379,0.1,85.46698427200317,GPU_SIR_BRIDGE,SILVAN,0.6172265711300641
bitcoin-alpha,real,3783,14124,0.2,379,0.1,85.46698427200317,GPU_SIR_BRIDGE,GPU_SIR_BRIDGE,1.0
ca-GrQc,real,4158,13428,0.2,416,0.1,193.59918642044067,EXACT,EXACT,1.0
ca-GrQc,real,4158,13428,0.2,416,0.1,193.59918642044067,EXACT,BP,0.6468936645538482
ca-GrQc,real,4158,13428,0.2,416,0.1,193.59918642044067,EXACT,RK,0.5363550657037887
ca-GrQc,real,4158,13428,0.2,416,0.1,193.59918642044067,EXACT,ABRA,0.6946189126900237
ca-GrQc,real,4158,13428,0.2,416,0.1,193.59918642044067,EXACT,SILVAN,0.7677802518860949
ca-GrQc,real,4158,13428,0.2,416,0.1,193.59918642044067,EXACT,GPU_SIR_BRIDGE,0.7960430216139857
ca-GrQc,real,4158,13428,0.2,416,0.1,193.59918642044067,BP,EXACT,0.6468936645538482
ca-GrQc,real,4158,13428,0.2,416,0.1,193.59918642044067,BP,BP,1.0
ca-GrQc,real,4158,13428,0.2,416,0.1,193.59918642044067,BP,RK,0.5294034901829997
ca-GrQc,real,4158,13428,0.2,416,0.1,193.59918642044067,BP,ABRA,0.6107142889537875
ca-GrQc,real,4158,13428,0.2,416,0.1,193.59918642044067,BP,SILVAN,0.650764074497509
ca-GrQc,real,4158,13428,0.2,416,0.1,193.59918642044067,BP,GPU_SIR_BRIDGE,0.530505547892232
ca-GrQc,real,4158,13428,0.2,416,0.1,193.59918642044067,RK,EXACT,0.5363550657037885
ca-GrQc,real,4158,13428,0.2,416,0.1,193.59918642044067,RK,BP,0.5294034901829997
ca-GrQc,real,4158,13428,0.2,416,0.1,193.59918642044067,RK,RK,1.0
ca-GrQc,real,4158,13428,0.2,416,0.1,193.59918642044067,RK,ABRA,0.5303337081385933
ca-GrQc,real,4158,13428,0.2,416,0.1,193.59918642044067,RK,SILVAN,0.5568491904465213
ca-GrQc,real,4158,13428,0.2,416,0.1,193.59918642044067,RK,GPU_SIR_BRIDGE,0.4506647185105351
ca-GrQc,real,4158,13428,0.2,416,0.1,193.59918642044067,ABRA,EXACT,0.6946189126900237
ca-GrQc,real,4158,13428,0.2,416,0.1,193.59918642044067,ABRA,BP,0.6107142889537875
ca-GrQc,real,4158,13428,0.2,416,0.1,193.59918642044067,ABRA,RK,0.5303337081385932
ca-GrQc,real,4158,13428,0.2,416,0.1,193.59918642044067,ABRA,ABRA,1.0
ca-GrQc,real,4158,13428,0.2,416,0.1,193.59918642044067,ABRA,SILVAN,0.6685620224749976
ca-GrQc,real,4158,13428,0.2,416,0.1,193.59918642044067,ABRA,GPU_SIR_BRIDGE,0.5677060128247171
ca-GrQc,real,4158,13428,0.2,416,0.1,193.59918642044067,SILVAN,EXACT,0.7677802518860949
ca-GrQc,real,4158,13428,0.2,416,0.1,193.59918642044067,SILVAN,BP,0.6507640744975091
ca-GrQc,real,4158,13428,0.2,416,0.1,193.59918642044067,SILVAN,RK,0.5568491904465211
ca-GrQc,real,4158,13428,0.2,416,0.1,193.59918642044067,SILVAN,ABRA,0.6685620224749977
ca-GrQc,real,4158,13428,0.2,416,0.1,193.59918642044067,SILVAN,SILVAN,1.0
ca-GrQc,real,4158,13428,0.2,416,0.1,193.59918642044067,SILVAN,GPU_SIR_BRIDGE,0.6251676169023389
ca-GrQc,real,4158,13428,0.2,416,0.1,193.59918642044067,GPU_SIR_BRIDGE,EXACT,0.7960430216139857
ca-GrQc,real,4158,13428,0.2,416,0.1,193.59918642044067,GPU_SIR_BRIDGE,BP,0.5305055478922319
ca-GrQc,real,4158,13428,0.2,416,0.1,193.59918642044067,GPU_SIR_BRIDGE,RK,0.4506647185105351
ca-GrQc,real,4158,13428,0.2,416,0.1,193.59918642044067,GPU_SIR_BRIDGE,ABRA,0.5677060128247171
ca-GrQc,real,4158,13428,0.2,416,0.1,193.59918642044067,GPU_SIR_BRIDGE,SILVAN,0.6251676169023389
ca-GrQc,real,4158,13428,0.2,416,0.1,193.59918642044067,GPU_SIR_BRIDGE,GPU_SIR_BRIDGE,1.0
cora,real,2485,5069,0.2,249,0.1,46.030649185180664,EXACT,EXACT,1.0
cora,real,2485,5069,0.2,249,0.1,46.030649185180664,EXACT,BP,0.6109673917355589
cora,real,2485,5069,0.2,249,0.1,46.030649185180664,EXACT,RK,0.5385095864919256
cora,real,2485,5069,0.2,249,0.1,46.030649185180664,EXACT,ABRA,0.812781619578675
cora,real,2485,5069,0.2,249,0.1,46.030649185180664,EXACT,SILVAN,0.8889081066507941
cora,real,2485,5069,0.2,249,0.1,46.030649185180664,EXACT,GPU_SIR_BRIDGE,0.7799712212872169
cora,real,2485,5069,0.2,249,0.1,46.030649185180664,BP,EXACT,0.6109673917355589
cora,real,2485,5069,0.2,249,0.1,46.030649185180664,BP,BP,1.0
cora,real,2485,5069,0.2,249,0.1,46.030649185180664,BP,RK,0.49861485877116296
cora,real,2485,5069,0.2,249,0.1,46.030649185180664,BP,ABRA,0.5707585075214282
cora,real,2485,5069,0.2,249,0.1,46.030649185180664,BP,SILVAN,0.5964584182570627
cora,real,2485,5069,0.2,249,0.1,46.030649185180664,BP,GPU_SIR_BRIDGE,0.4791062551135384
cora,real,2485,5069,0.2,249,0.1,46.030649185180664,RK,EXACT,0.5385095864919256
cora,real,2485,5069,0.2,249,0.1,46.030649185180664,RK,BP,0.49861485877116296
cora,real,2485,5069,0.2,249,0.1,46.030649185180664,RK,RK,1.0
cora,real,2485,5069,0.2,249,0.1,46.030649185180664,RK,ABRA,0.4945911622995456
cora,real,2485,5069,0.2,249,0.1,46.030649185180664,RK,SILVAN,0.5315352746707241
cora,real,2485,5069,0.2,249,0.1,46.030649185180664,RK,GPU_SIR_BRIDGE,0.44209040286841744
cora,real,2485,5069,0.2,249,0.1,46.030649185180664,ABRA,EXACT,0.8127816195786751
cora,real,2485,5069,0.2,249,0.1,46.030649185180664,ABRA,BP,0.5707585075214282
cora,real,2485,5069,0.2,249,0.1,46.030649185180664,ABRA,RK,0.49459116229954553
cora,real,2485,5069,0.2,249,0.1,46.030649185180664,ABRA,ABRA,1.0
cora,real,2485,5069,0.2,249,0.1,46.030649185180664,ABRA,SILVAN,0.7539838206580298
cora,real,2485,5069,0.2,249,0.1,46.030649185180664,ABRA,GPU_SIR_BRIDGE,0.6449082118966211
cora,real,2485,5069,0.2,249,0.1,46.030649185180664,SILVAN,EXACT,0.888908106650794
cora,real,2485,5069,0.2,249,0.1,46.030649185180664,SILVAN,BP,0.5964584182570627
cora,real,2485,5069,0.2,249,0.1,46.030649185180664,SILVAN,RK,0.5315352746707241
cora,real,2485,5069,0.2,249,0.1,46.030649185180664,SILVAN,ABRA,0.7539838206580298
cora,real,2485,5069,0.2,249,0.1,46.030649185180664,SILVAN,SILVAN,1.0
cora,real,2485,5069,0.2,249,0.1,46.030649185180664,SILVAN,GPU_SIR_BRIDGE,0.6874309196021668
cora,real,2485,5069,0.2,249,0.1,46.030649185180664,GPU_SIR_BRIDGE,EXACT,0.7799712212872169
cora,real,2485,5069,0.2,249,0.1,46.030649185180664,GPU_SIR_BRIDGE,BP,0.4791062551135383
cora,real,2485,5069,0.2,249,0.1,46.030649185180664,GPU_SIR_BRIDGE,RK,0.44209040286841744
cora,real,2485,5069,0.2,249,0.1,46.030649185180664,GPU_SIR_BRIDGE,ABRA,0.6449082118966211
cora,real,2485,5069,0.2,249,0.1,46.030649185180664,GPU_SIR_BRIDGE,SILVAN,0.6874309196021668
cora,real,2485,5069,0.2,249,0.1,46.030649185180664,GPU_SIR_BRIDGE,GPU_SIR_BRIDGE,1.0
p2p-Gnutella06,real,8717,31525,0.2,872,0.1,207.12059450149536,EXACT,EXACT,1.0
p2p-Gnutella06,real,8717,31525,0.2,872,0.1,207.12059450149536,EXACT,BP,0.45413835054272594
p2p-Gnutella06,real,8717,31525,0.2,872,0.1,207.12059450149536,EXACT,RK,0.3142466408117474
p2p-Gnutella06,real,8717,31525,0.2,872,0.1,207.12059450149536,EXACT,ABRA,0.45395298206474927
p2p-Gnutella06,real,8717,31525,0.2,872,0.1,207.12059450149536,EXACT,SILVAN,0.4215918887809447
p2p-Gnutella06,real,8717,31525,0.2,872,0.1,207.12059450149536,EXACT,GPU_SIR_BRIDGE,0.9748303630680054
p2p-Gnutella06,real,8717,31525,0.2,872,0.1,207.12059450149536,BP,EXACT,0.454138350542726
p2p-Gnutella06,real,8717,31525,0.2,872,0.1,207.12059450149536,BP,BP,1.0
p2p-Gnutella06,real,8717,31525,0.2,872,0.1,207.12059450149536,BP,RK,0.19053806300705572
p2p-Gnutella06,real,8717,31525,0.2,872,0.1,207.12059450149536,BP,ABRA,0.27341319427836475
p2p-Gnutella06,real,8717,31525,0.2,872,0.1,207.12059450149536,BP,SILVAN,0.24659977230373725
p2p-Gnutella06,real,8717,31525,0.2,872,0.1,207.12059450149536,BP,GPU_SIR_BRIDGE,0.4377669435157858
p2p-Gnutella06,real,8717,31525,0.2,872,0.1,207.12059450149536,RK,EXACT,0.31424664081174747
p2p-Gnutella06,real,8717,31525,0.2,872,0.1,207.12059450149536,RK,BP,0.1905380630070557
p2p-Gnutella06,real,8717,31525,0.2,872,0.1,207.12059450149536,RK,RK,1.0
p2p-Gnutella06,real,8717,31525,0.2,872,0.1,207.12059450149536,RK,ABRA,0.17615059822536633
p2p-Gnutella06,real,8717,31525,0.2,872,0.1,207.12059450149536,RK,SILVAN,0.17749280520624192
p2p-Gnutella06,real,8717,31525,0.2,872,0.1,207.12059450149536,RK,GPU_SIR_BRIDGE,0.30159388575016427
p2p-Gnutella06,real,8717,31525,0.2,872,0.1,207.12059450149536,ABRA,EXACT,0.45395298206474927
p2p-Gnutella06,real,8717,31525,0.2,872,0.1,207.12059450149536,ABRA,BP,0.2734131942783647
p2p-Gnutella06,real,8717,31525,0.2,872,0.1,207.12059450149536,ABRA,RK,0.17615059822536633
p2p-Gnutella06,real,8717,31525,0.2,872,0.1,207.12059450149536,ABRA,ABRA,1.0
p2p-Gnutella06,real,8717,31525,0.2,872,0.1,207.12059450149536,ABRA,SILVAN,0.25528416005163246
p2p-Gnutella06,real,8717,31525,0.2,872,0.1,207.12059450149536,ABRA,GPU_SIR_BRIDGE,0.4275009037532022
p2p-Gnutella06,real,8717,31525,0.2,872,0.1,207.12059450149536,SILVAN,EXACT,0.4215918887809447
p2p-Gnutella06,real,8717,31525,0.2,872,0.1,207.12059450149536,SILVAN,BP,0.24659977230373722
p2p-Gnutella06,real,8717,31525,0.2,872,0.1,207.12059450149536,SILVAN,RK,0.17749280520624192
p2p-Gnutella06,real,8717,31525,0.2,872,0.1,207.12059450149536,SILVAN,ABRA,0.25528416005163246
p2p-Gnutella06,real,8717,31525,0.2,872,0.1,207.12059450149536,SILVAN,SILVAN,1.0
p2p-Gnutella06,real,8717,31525,0.2,872,0.1,207.12059450149536,SILVAN,GPU_SIR_BRIDGE,0.4087870906047281
p2p-Gnutella06,real,8717,31525,0.2,872,0.1,207.12059450149536,GPU_SIR_BRIDGE,EXACT,0.9748303630680055
p2p-Gnutella06,real,8717,31525,0.2,872,0.1,207.12059450149536,GPU_SIR_BRIDGE,BP,0.43776694351578577
p2p-Gnutella06,real,8717,31525,0.2,872,0.1,207.12059450149536,GPU_SIR_BRIDGE,RK,0.3015938857501642
p2p-Gnutella06,real,8717,31525,0.2,872,0.1,207.12059450149536,GPU_SIR_BRIDGE,ABRA,0.42750090375320215
p2p-Gnutella06,real,8717,31525,0.2,872,0.1,207.12059450149536,GPU_SIR_BRIDGE,SILVAN,0.40878709060472807
p2p-Gnutella06,real,8717,31525,0.2,872,0.1,207.12059450149536,GPU_SIR_BRIDGE,GPU_SIR_BRIDGE,1.0
wiki-Vote,real,7066,100736,0.2,707,0.1,1152.847342967987,EXACT,EXACT,1.0
wiki-Vote,real,7066,100736,0.2,707,0.1,1152.847342967987,EXACT,BP,0.43806921097478774
wiki-Vote,real,7066,100736,0.2,707,0.1,1152.847342967987,EXACT,RK,0.3210792496511319
wiki-Vote,real,7066,100736,0.2,707,0.1,1152.847342967987,EXACT,ABRA,0.594795114792856
wiki-Vote,real,7066,100736,0.2,707,0.1,1152.847342967987,EXACT,SILVAN,0.4997722225976085
wiki-Vote,real,7066,100736,0.2,707,0.1,1152.847342967987,EXACT,GPU_SIR_BRIDGE,0.9675965022816836
wiki-Vote,real,7066,100736,0.2,707,0.1,1152.847342967987,BP,EXACT,0.43806921097478774
wiki-Vote,real,7066,100736,0.2,707,0.1,1152.847342967987,BP,BP,1.0
wiki-Vote,real,7066,100736,0.2,707,0.1,1152.847342967987,BP,RK,0.33950000641285366
wiki-Vote,real,7066,100736,0.2,707,0.1,1152.847342967987,BP,ABRA,0.4626811696347063
wiki-Vote,real,7066,100736,0.2,707,0.1,1152.847342967987,BP,SILVAN,0.4955568623310252
wiki-Vote,real,7066,100736,0.2,707,0.1,1152.847342967987,BP,GPU_SIR_BRIDGE,0.42549220364697776
wiki-Vote,real,7066,100736,0.2,707,0.1,1152.847342967987,RK,EXACT,0.3210792496511318
wiki-Vote,real,7066,100736,0.2,707,0.1,1152.847342967987,RK,BP,0.3395000064128536
wiki-Vote,real,7066,100736,0.2,707,0.1,1152.847342967987,RK,RK,1.0
wiki-Vote,real,7066,100736,0.2,707,0.1,1152.847342967987,RK,ABRA,0.3531895055627862
wiki-Vote,real,7066,100736,0.2,707,0.1,1152.847342967987,RK,SILVAN,0.3729804394575911
wiki-Vote,real,7066,100736,0.2,707,0.1,1152.847342967987,RK,GPU_SIR_BRIDGE,0.3135461395301992
wiki-Vote,real,7066,100736,0.2,707,0.1,1152.847342967987,ABRA,EXACT,0.5947951147928561
wiki-Vote,real,7066,100736,0.2,707,0.1,1152.847342967987,ABRA,BP,0.4626811696347063
wiki-Vote,real,7066,100736,0.2,707,0.1,1152.847342967987,ABRA,RK,0.3531895055627863
wiki-Vote,real,7066,100736,0.2,707,0.1,1152.847342967987,ABRA,ABRA,1.0
wiki-Vote,real,7066,100736,0.2,707,0.1,1152.847342967987,ABRA,SILVAN,0.5203281825083352
wiki-Vote,real,7066,100736,0.2,707,0.1,1152.847342967987,ABRA,GPU_SIR_BRIDGE,0.5794634327156021
wiki-Vote,real,7066,100736,0.2,707,0.1,1152.847342967987,SILVAN,EXACT,0.49977222259760845
wiki-Vote,real,7066,100736,0.2,707,0.1,1152.847342967987,SILVAN,BP,0.4955568623310252
wiki-Vote,real,7066,100736,0.2,707,0.1,1152.847342967987,SILVAN,RK,0.37298043945759113
wiki-Vote,real,7066,100736,0.2,707,0.1,1152.847342967987,SILVAN,ABRA,0.5203281825083353
wiki-Vote,real,7066,100736,0.2,707,0.1,1152.847342967987,SILVAN,SILVAN,1.0
wiki-Vote,real,7066,100736,0.2,707,0.1,1152.847342967987,SILVAN,GPU_SIR_BRIDGE,0.48749805758038117
wiki-Vote,real,7066,100736,0.2,707,0.1,1152.847342967987,GPU_SIR_BRIDGE,EXACT,0.9675965022816836
wiki-Vote,real,7066,100736,0.2,707,0.1,1152.847342967987,GPU_SIR_BRIDGE,BP,0.42549220364697776
wiki-Vote,real,7066,100736,0.2,707,0.1,1152.847342967987,GPU_SIR_BRIDGE,RK,0.3135461395301993
wiki-Vote,real,7066,100736,0.2,707,0.1,1152.847342967987,GPU_SIR_BRIDGE,ABRA,0.5794634327156021
wiki-Vote,real,7066,100736,0.2,707,0.1,1152.847342967987,GPU_SIR_BRIDGE,SILVAN,0.4874980575803811
wiki-Vote,real,7066,100736,0.2,707,0.1,1152.847342967987,GPU_SIR_BRIDGE,GPU_SIR_BRIDGE,1.0
BA1000,synthetic,1000,4975,0.2,100,0.1,17.068702936172485,EXACT,EXACT,1.0
BA1000,synthetic,1000,4975,0.2,100,0.1,17.068702936172485,EXACT,BP,0.47191443666187255
BA1000,synthetic,1000,4975,0.2,100,0.1,17.068702936172485,EXACT,RK,0.4132568663199814
BA1000,synthetic,1000,4975,0.2,100,0.1,17.068702936172485,EXACT,ABRA,0.6498510154544256
BA1000,synthetic,1000,4975,0.2,100,0.1,17.068702936172485,EXACT,SILVAN,0.6683956539243726
BA1000,synthetic,1000,4975,0.2,100,0.1,17.068702936172485,EXACT,GPU_SIR_BRIDGE,0.9326658566658568
BA1000,synthetic,1000,4975,0.2,100,0.1,17.068702936172485,BP,EXACT,0.47191443666187255
BA1000,synthetic,1000,4975,0.2,100,0.1,17.068702936172485,BP,BP,1.0
BA1000,synthetic,1000,4975,0.2,100,0.1,17.068702936172485,BP,RK,0.36732860044263593
BA1000,synthetic,1000,4975,0.2,100,0.1,17.068702936172485,BP,ABRA,0.4116259658243222
BA1000,synthetic,1000,4975,0.2,100,0.1,17.068702936172485,BP,SILVAN,0.4132786990211004
BA1000,synthetic,1000,4975,0.2,100,0.1,17.068702936172485,BP,GPU_SIR_BRIDGE,0.47192049147541204
BA1000,synthetic,1000,4975,0.2,100,0.1,17.068702936172485,RK,EXACT,0.4132568663199814
BA1000,synthetic,1000,4975,0.2,100,0.1,17.068702936172485,RK,BP,0.36732860044263593
BA1000,synthetic,1000,4975,0.2,100,0.1,17.068702936172485,RK,RK,1.0
BA1000,synthetic,1000,4975,0.2,100,0.1,17.068702936172485,RK,ABRA,0.3295081006713654
BA1000,synthetic,1000,4975,0.2,100,0.1,17.068702936172485,RK,SILVAN,0.3551082284695041
BA1000,synthetic,1000,4975,0.2,100,0.1,17.068702936172485,RK,GPU_SIR_BRIDGE,0.4030801215970461
BA1000,synthetic,1000,4975,0.2,100,0.1,17.068702936172485,ABRA,EXACT,0.6498510154544256
BA1000,synthetic,1000,4975,0.2,100,0.1,17.068702936172485,ABRA,BP,0.4116259658243222
BA1000,synthetic,1000,4975,0.2,100,0.1,17.068702936172485,ABRA,RK,0.3295081006713654
BA1000,synthetic,1000,4975,0.2,100,0.1,17.068702936172485,ABRA,ABRA,1.0
BA1000,synthetic,1000,4975,0.2,100,0.1,17.068702936172485,ABRA,SILVAN,0.4873617800846026
BA1000,synthetic,1000,4975,0.2,100,0.1,17.068702936172485,ABRA,GPU_SIR_BRIDGE,0.6179225729445452
BA1000,synthetic,1000,4975,0.2,100,0.1,17.068702936172485,SILVAN,EXACT,0.6683956539243727
BA1000,synthetic,1000,4975,0.2,100,0.1,17.068702936172485,SILVAN,BP,0.4132786990211005
BA1000,synthetic,1000,4975,0.2,100,0.1,17.068702936172485,SILVAN,RK,0.3551082284695041
BA1000,synthetic,1000,4975,0.2,100,0.1,17.068702936172485,SILVAN,ABRA,0.48736178008460257
BA1000,synthetic,1000,4975,0.2,100,0.1,17.068702936172485,SILVAN,SILVAN,1.0
BA1000,synthetic,1000,4975,0.2,100,0.1,17.068702936172485,SILVAN,GPU_SIR_BRIDGE,0.6490101911134212
BA1000,synthetic,1000,4975,0.2,100,0.1,17.068702936172485,GPU_SIR_BRIDGE,EXACT,0.9326658566658568
BA1000,synthetic,1000,4975,0.2,100,0.1,17.068702936172485,GPU_SIR_BRIDGE,BP,0.47192049147541204
BA1000,synthetic,1000,4975,0.2,100,0.1,17.068702936172485,GPU_SIR_BRIDGE,RK,0.4030801215970461
BA1000,synthetic,1000,4975,0.2,100,0.1,17.068702936172485,GPU_SIR_BRIDGE,ABRA,0.6179225729445452
BA1000,synthetic,1000,4975,0.2,100,0.1,17.068702936172485,GPU_SIR_BRIDGE,SILVAN,0.6490101911134211
BA1000,synthetic,1000,4975,0.2,100,0.1,17.068702936172485,GPU_SIR_BRIDGE,GPU_SIR_BRIDGE,1.0
BA10000,synthetic,10000,49975,0.2,1000,0.1,3417.6272904872894,EXACT,EXACT,1.0
BA10000,synthetic,10000,49975,0.2,1000,0.1,3417.6272904872894,EXACT,BP,0.3186639549959187
BA10000,synthetic,10000,49975,0.2,1000,0.1,3417.6272904872894,EXACT,RK,0.23877500423908712
BA10000,synthetic,10000,49975,0.2,1000,0.1,3417.6272904872894,EXACT,ABRA,0.352596845805718
BA10000,synthetic,10000,49975,0.2,1000,0.1,3417.6272904872894,EXACT,SILVAN,0.3803027079210478
BA10000,synthetic,10000,49975,0.2,1000,0.1,3417.6272904872894,EXACT,GPU_SIR_BRIDGE,0.846129405589294
BA10000,synthetic,10000,49975,0.2,1000,0.1,3417.6272904872894,BP,EXACT,0.3186639549959187
BA10000,synthetic,10000,49975,0.2,1000,0.1,3417.6272904872894,BP,BP,1.0
BA10000,synthetic,10000,49975,0.2,1000,0.1,3417.6272904872894,BP,RK,0.27771749817943514
BA10000,synthetic,10000,49975,0.2,1000,0.1,3417.6272904872894,BP,ABRA,0.24209083382569618
BA10000,synthetic,10000,49975,0.2,1000,0.1,3417.6272904872894,BP,SILVAN,0.28682263834242777
BA10000,synthetic,10000,49975,0.2,1000,0.1,3417.6272904872894,BP,GPU_SIR_BRIDGE,0.3025507640232182
BA10000,synthetic,10000,49975,0.2,1000,0.1,3417.6272904872894,RK,EXACT,0.23877500423908715
BA10000,synthetic,10000,49975,0.2,1000,0.1,3417.6272904872894,RK,BP,0.27771749817943514
BA10000,synthetic,10000,49975,0.2,1000,0.1,3417.6272904872894,RK,RK,1.0
BA10000,synthetic,10000,49975,0.2,1000,0.1,3417.6272904872894,RK,ABRA,0.2270478765380406
BA10000,synthetic,10000,49975,0.2,1000,0.1,3417.6272904872894,RK,SILVAN,0.26434085433972265
BA10000,synthetic,10000,49975,0.2,1000,0.1,3417.6272904872894,RK,GPU_SIR_BRIDGE,0.23099507144103634
BA10000,synthetic,10000,49975,0.2,1000,0.1,3417.6272904872894,ABRA,EXACT,0.35259684580571793
BA10000,synthetic,10000,49975,0.2,1000,0.1,3417.6272904872894,ABRA,BP,0.24209083382569618
BA10000,synthetic,10000,49975,0.2,1000,0.1,3417.6272904872894,ABRA,RK,0.2270478765380406
BA10000,synthetic,10000,49975,0.2,1000,0.1,3417.6272904872894,ABRA,ABRA,1.0
BA10000,synthetic,10000,49975,0.2,1000,0.1,3417.6272904872894,ABRA,SILVAN,0.2668442494293647
BA10000,synthetic,10000,49975,0.2,1000,0.1,3417.6272904872894,ABRA,GPU_SIR_BRIDGE,0.3247153752303555
BA10000,synthetic,10000,49975,0.2,1000,0.1,3417.6272904872894,SILVAN,EXACT,0.38030270792104787
BA10000,synthetic,10000,49975,0.2,1000,0.1,3417.6272904872894,SILVAN,BP,0.2868226383424278
BA10000,synthetic,10000,49975,0.2,1000,0.1,3417.6272904872894,SILVAN,RK,0.26434085433972265
BA10000,synthetic,10000,49975,0.2,1000,0.1,3417.6272904872894,SILVAN,ABRA,0.26684424942936463
BA10000,synthetic,10000,49975,0.2,1000,0.1,3417.6272904872894,SILVAN,SILVAN,1.0
BA10000,synthetic,10000,49975,0.2,1000,0.1,3417.6272904872894,SILVAN,GPU_SIR_BRIDGE,0.35911910814460823
BA10000,synthetic,10000,49975,0.2,1000,0.1,3417.6272904872894,GPU_SIR_BRIDGE,EXACT,0.846129405589294
BA10000,synthetic,10000,49975,0.2,1000,0.1,3417.6272904872894,GPU_SIR_BRIDGE,BP,0.3025507640232181
BA10000,synthetic,10000,49975,0.2,1000,0.1,3417.6272904872894,GPU_SIR_BRIDGE,RK,0.23099507144103634
BA10000,synthetic,10000,49975,0.2,1000,0.1,3417.6272904872894,GPU_SIR_BRIDGE,ABRA,0.32471537523035543
BA10000,synthetic,10000,49975,0.2,1000,0.1,3417.6272904872894,GPU_SIR_BRIDGE,SILVAN,0.35911910814460823
BA10000,synthetic,10000,49975,0.2,1000,0.1,3417.6272904872894,GPU_SIR_BRIDGE,GPU_SIR_BRIDGE,1.0
BA2000,synthetic,2000,9975,0.2,200,0.1,97.6166467666626,EXACT,EXACT,1.0
BA2000,synthetic,2000,9975,0.2,200,0.1,97.6166467666626,EXACT,BP,0.37108271396297826
BA2000,synthetic,2000,9975,0.2,200,0.1,97.6166467666626,EXACT,RK,0.36512811227640757
BA2000,synthetic,2000,9975,0.2,200,0.1,97.6166467666626,EXACT,ABRA,0.5252912315116777
BA2000,synthetic,2000,9975,0.2,200,0.1,97.6166467666626,EXACT,SILVAN,0.5776874335630647
BA2000,synthetic,2000,9975,0.2,200,0.1,97.6166467666626,EXACT,GPU_SIR_BRIDGE,0.9076268344067085
BA2000,synthetic,2000,9975,0.2,200,0.1,97.6166467666626,BP,EXACT,0.3710827139629783
BA2000,synthetic,2000,9975,0.2,200,0.1,97.6166467666626,BP,BP,1.0
BA2000,synthetic,2000,9975,0.2,200,0.1,97.6166467666626,BP,RK,0.32527894619089714
BA2000,synthetic,2000,9975,0.2,200,0.1,97.6166467666626,BP,ABRA,0.304582017292256
BA2000,synthetic,2000,9975,0.2,200,0.1,97.6166467666626,BP,SILVAN,0.35054689981275433
BA2000,synthetic,2000,9975,0.2,200,0.1,97.6166467666626,BP,GPU_SIR_BRIDGE,0.37283193556274596
BA2000,synthetic,2000,9975,0.2,200,0.1,97.6166467666626,RK,EXACT,0.36512811227640757
BA2000,synthetic,2000,9975,0.2,200,0.1,97.6166467666626,RK,BP,0.32527894619089714
BA2000,synthetic,2000,9975,0.2,200,0.1,97.6166467666626,RK,RK,1.0
BA2000,synthetic,2000,9975,0.2,200,0.1,97.6166467666626,RK,ABRA,0.3011755556062526
BA2000,synthetic,2000,9975,0.2,200,0.1,97.6166467666626,RK,SILVAN,0.3203957505207688
BA2000,synthetic,2000,9975,0.2,200,0.1,97.6166467666626,RK,GPU_SIR_BRIDGE,0.36071047221859637
BA2000,synthetic,2000,9975,0.2,200,0.1,97.6166467666626,ABRA,EXACT,0.5252912315116777
BA2000,synthetic,2000,9975,0.2,200,0.1,97.6166467666626,ABRA,BP,0.304582017292256
BA2000,synthetic,2000,9975,0.2,200,0.1,97.6166467666626,ABRA,RK,0.3011755556062526
BA2000,synthetic,2000,9975,0.2,200,0.1,97.6166467666626,ABRA,ABRA,1.0
BA2000,synthetic,2000,9975,0.2,200,0.1,97.6166467666626,ABRA,SILVAN,0.3826622903954456
BA2000,synthetic,2000,9975,0.2,200,0.1,97.6166467666626,ABRA,GPU_SIR_BRIDGE,0.49972986287562704
BA2000,synthetic,2000,9975,0.2,200,0.1,97.6166467666626,SILVAN,EXACT,0.5776874335630647
BA2000,synthetic,2000,9975,0.2,200,0.1,97.6166467666626,SILVAN,BP,0.35054689981275433
BA2000,synthetic,2000,9975,0.2,200,0.1,97.6166467666626,SILVAN,RK,0.32039575052076885
BA2000,synthetic,2000,9975,0.2,200,0.1,97.6166467666626,SILVAN,ABRA,0.3826622903954455
BA2000,synthetic,2000,9975,0.2,200,0.1,97.6166467666626,SILVAN,SILVAN,1.0
BA2000,synthetic,2000,9975,0.2,200,0.1,97.6166467666626,SILVAN,GPU_SIR_BRIDGE,0.5429714750145412
BA2000,synthetic,2000,9975,0.2,200,0.1,97.6166467666626,GPU_SIR_BRIDGE,EXACT,0.9076268344067085
BA2000,synthetic,2000,9975,0.2,200,0.1,97.6166467666626,GPU_SIR_BRIDGE,BP,0.37283193556274596
BA2000,synthetic,2000,9975,0.2,200,0.1,97.6166467666626,GPU_SIR_BRIDGE,RK,0.36071047221859637
BA2000,synthetic,2000,9975,0.2,200,0.1,97.6166467666626,GPU_SIR_BRIDGE,ABRA,0.49972986287562704
BA2000,synthetic,2000,9975,0.2,200,0.1,97.6166467666626,GPU_SIR_BRIDGE,SILVAN,0.5429714750145412
BA2000,synthetic,2000,9975,0.2,200,0.1,97.6166467666626,GPU_SIR_BRIDGE,GPU_SIR_BRIDGE,1.0
BA3000,synthetic,3000,14975,0.2,300,0.1,254.01218271255493,EXACT,EXACT,1.0
BA3000,synthetic,3000,14975,0.2,300,0.1,254.01218271255493,EXACT,BP,0.3865726193206352
BA3000,synthetic,3000,14975,0.2,300,0.1,254.01218271255493,EXACT,RK,0.32794079518180147
BA3000,synthetic,3000,14975,0.2,300,0.1,254.01218271255493,EXACT,ABRA,0.5392378363542347
BA3000,synthetic,3000,14975,0.2,300,0.1,254.01218271255493,EXACT,SILVAN,0.5394247206343759
BA3000,synthetic,3000,14975,0.2,300,0.1,254.01218271255493,EXACT,GPU_SIR_BRIDGE,0.8907968958663216
BA3000,synthetic,3000,14975,0.2,300,0.1,254.01218271255493,BP,EXACT,0.38657261932063514
BA3000,synthetic,3000,14975,0.2,300,0.1,254.01218271255493,BP,BP,1.0
BA3000,synthetic,3000,14975,0.2,300,0.1,254.01218271255493,BP,RK,0.3169008539419586
BA3000,synthetic,3000,14975,0.2,300,0.1,254.01218271255493,BP,ABRA,0.3123393831135558
BA3000,synthetic,3000,14975,0.2,300,0.1,254.01218271255493,BP,SILVAN,0.3354111053390357
BA3000,synthetic,3000,14975,0.2,300,0.1,254.01218271255493,BP,GPU_SIR_BRIDGE,0.37211958202373974
BA3000,synthetic,3000,14975,0.2,300,0.1,254.01218271255493,RK,EXACT,0.32794079518180147
BA3000,synthetic,3000,14975,0.2,300,0.1,254.01218271255493,RK,BP,0.3169008539419586
BA3000,synthetic,3000,14975,0.2,300,0.1,254.01218271255493,RK,RK,1.0
BA3000,synthetic,3000,14975,0.2,300,0.1,254.01218271255493,RK,ABRA,0.28561638915358006
BA3000,synthetic,3000,14975,0.2,300,0.1,254.01218271255493,RK,SILVAN,0.29191574191980424
BA3000,synthetic,3000,14975,0.2,300,0.1,254.01218271255493,RK,GPU_SIR_BRIDGE,0.3131175108359761
BA3000,synthetic,3000,14975,0.2,300,0.1,254.01218271255493,ABRA,EXACT,0.5392378363542348
BA3000,synthetic,3000,14975,0.2,300,0.1,254.01218271255493,ABRA,BP,0.31233938311355575
BA3000,synthetic,3000,14975,0.2,300,0.1,254.01218271255493,ABRA,RK,0.28561638915358
BA3000,synthetic,3000,14975,0.2,300,0.1,254.01218271255493,ABRA,ABRA,1.0
BA3000,synthetic,3000,14975,0.2,300,0.1,254.01218271255493,ABRA,SILVAN,0.37222953783026336
BA3000,synthetic,3000,14975,0.2,300,0.1,254.01218271255493,ABRA,GPU_SIR_BRIDGE,0.5119660110273172
BA3000,synthetic,3000,14975,0.2,300,0.1,254.01218271255493,SILVAN,EXACT,0.5394247206343759
BA3000,synthetic,3000,14975,0.2,300,0.1,254.01218271255493,SILVAN,BP,0.3354111053390357
BA3000,synthetic,3000,14975,0.2,300,0.1,254.01218271255493,SILVAN,RK,0.29191574191980424
BA3000,synthetic,3000,14975,0.2,300,0.1,254.01218271255493,SILVAN,ABRA,0.37222953783026336
BA3000,synthetic,3000,14975,0.2,300,0.1,254.01218271255493,SILVAN,SILVAN,1.0
BA3000,synthetic,3000,14975,0.2,300,0.1,254.01218271255493,SILVAN,GPU_SIR_BRIDGE,0.5139295443861746
BA3000,synthetic,3000,14975,0.2,300,0.1,254.01218271255493,GPU_SIR_BRIDGE,EXACT,0.8907968958663216
BA3000,synthetic,3000,14975,0.2,300,0.1,254.01218271255493,GPU_SIR_BRIDGE,BP,0.37211958202373974
BA3000,synthetic,3000,14975,0.2,300,0.1,254.01218271255493,GPU_SIR_BRIDGE,RK,0.3131175108359761
BA3000,synthetic,3000,14975,0.2,300,0.1,254.01218271255493,GPU_SIR_BRIDGE,ABRA,0.5119660110273171
BA3000,synthetic,3000,14975,0.2,300,0.1,254.01218271255493,GPU_SIR_BRIDGE,SILVAN,0.5139295443861746
BA3000,synthetic,3000,14975,0.2,300,0.1,254.01218271255493,GPU_SIR_BRIDGE,GPU_SIR_BRIDGE,1.0
BA5000,synthetic,5000,24975,0.2,500,0.1,763.7383577823639,EXACT,EXACT,1.0
BA5000,synthetic,5000,24975,0.2,500,0.1,763.7383577823639,EXACT,BP,0.351436468417949
BA5000,synthetic,5000,24975,0.2,500,0.1,763.7383577823639,EXACT,RK,0.2867312493539242
BA5000,synthetic,5000,24975,0.2,500,0.1,763.7383577823639,EXACT,ABRA,0.45465501506042655
BA5000,synthetic,5000,24975,0.2,500,0.1,763.7383577823639,EXACT,SILVAN,0.4560035726144198
BA5000,synthetic,5000,24975,0.2,500,0.1,763.7383577823639,EXACT,GPU_SIR_BRIDGE,0.8738942221557688
BA5000,synthetic,5000,24975,0.2,500,0.1,763.7383577823639,BP,EXACT,0.35143646841794907
BA5000,synthetic,5000,24975,0.2,500,0.1,763.7383577823639,BP,BP,1.0
BA5000,synthetic,5000,24975,0.2,500,0.1,763.7383577823639,BP,RK,0.22216595976705664
BA5000,synthetic,5000,24975,0.2,500,0.1,763.7383577823639,BP,ABRA,0.3042219858264675
BA5000,synthetic,5000,24975,0.2,500,0.1,763.7383577823639,BP,SILVAN,0.309924586445806
BA5000,synthetic,5000,24975,0.2,500,0.1,763.7383577823639,BP,GPU_SIR_BRIDGE,0.33421068188517594
BA5000,synthetic,5000,24975,0.2,500,0.1,763.7383577823639,RK,EXACT,0.28673124935392424
BA5000,synthetic,5000,24975,0.2,500,0.1,763.7383577823639,RK,BP,0.22216595976705664
BA5000,synthetic,5000,24975,0.2,500,0.1,763.7383577823639,RK,RK,1.0
BA5000,synthetic,5000,24975,0.2,500,0.1,763.7383577823639,RK,ABRA,0.2446144828449318
BA5000,synthetic,5000,24975,0.2,500,0.1,763.7383577823639,RK,SILVAN,0.2819186721696015
BA5000,synthetic,5000,24975,0.2,500,0.1,763.7383577823639,RK,GPU_SIR_BRIDGE,0.28112389280030936
BA5000,synthetic,5000,24975,0.2,500,0.1,763.7383577823639,ABRA,EXACT,0.45465501506042655
BA5000,synthetic,5000,24975,0.2,500,0.1,763.7383577823639,ABRA,BP,0.3042219858264675
BA5000,synthetic,5000,24975,0.2,500,0.1,763.7383577823639,ABRA,RK,0.2446144828449318
BA5000,synthetic,5000,24975,0.2,500,0.1,763.7383577823639,ABRA,ABRA,1.0
BA5000,synthetic,5000,24975,0.2,500,0.1,763.7383577823639,ABRA,SILVAN,0.33990753587738504
BA5000,synthetic,5000,24975,0.2,500,0.1,763.7383577823639,ABRA,GPU_SIR_BRIDGE,0.42124641004641317
BA5000,synthetic,5000,24975,0.2,500,0.1,763.7383577823639,SILVAN,EXACT,0.45600357261441976
BA5000,synthetic,5000,24975,0.2,500,0.1,763.7383577823639,SILVAN,BP,0.309924586445806
BA5000,synthetic,5000,24975,0.2,500,0.1,763.7383577823639,SILVAN,RK,0.2819186721696015
BA5000,synthetic,5000,24975,0.2,500,0.1,763.7383577823639,SILVAN,ABRA,0.3399075358773851
BA5000,synthetic,5000,24975,0.2,500,0.1,763.7383577823639,SILVAN,SILVAN,1.0
BA5000,synthetic,5000,24975,0.2,500,0.1,763.7383577823639,SILVAN,GPU_SIR_BRIDGE,0.44142194628968506
BA5000,synthetic,5000,24975,0.2,500,0.1,763.7383577823639,GPU_SIR_BRIDGE,EXACT,0.8738942221557688
BA5000,synthetic,5000,24975,0.2,500,0.1,763.7383577823639,GPU_SIR_BRIDGE,BP,0.33421068188517594
BA5000,synthetic,5000,24975,0.2,500,0.1,763.7383577823639,GPU_SIR_BRIDGE,RK,0.28112389280030936
BA5000,synthetic,5000,24975,0.2,500,0.1,763.7383577823639,GPU_SIR_BRIDGE,ABRA,0.4212464100464131
BA5000,synthetic,5000,24975,0.2,500,0.1,763.7383577823639,GPU_SIR_BRIDGE,SILVAN,0.4414219462896851
BA5000,synthetic,5000,24975,0.2,500,0.1,763.7383577823639,GPU_SIR_BRIDGE,GPU_SIR_BRIDGE,1.0
ER1000,synthetic,1000,5000,0.2,100,0.1,16.362600088119507,EXACT,EXACT,1.0
ER1000,synthetic,1000,5000,0.2,100,0.1,16.362600088119507,EXACT,BP,0.2831080127462236
ER1000,synthetic,1000,5000,0.2,100,0.1,16.362600088119507,EXACT,RK,0.32758403608286
ER1000,synthetic,1000,5000,0.2,100,0.1,16.362600088119507,EXACT,ABRA,0.5005579042223439
ER1000,synthetic,1000,5000,0.2,100,0.1,16.362600088119507,EXACT,SILVAN,0.43175558548727994
ER1000,synthetic,1000,5000,0.2,100,0.1,16.362600088119507,EXACT,GPU_SIR_BRIDGE,0.9807058647058647
ER1000,synthetic,1000,5000,0.2,100,0.1,16.362600088119507,BP,EXACT,0.2831080127462236
ER1000,synthetic,1000,5000,0.2,100,0.1,16.362600088119507,BP,BP,1.0
ER1000,synthetic,1000,5000,0.2,100,0.1,16.362600088119507,BP,RK,0.11382126288834572
ER1000,synthetic,1000,5000,0.2,100,0.1,16.362600088119507,BP,ABRA,0.12242087760142113
ER1000,synthetic,1000,5000,0.2,100,0.1,16.362600088119507,BP,SILVAN,0.12097103187820223
ER1000,synthetic,1000,5000,0.2,100,0.1,16.362600088119507,BP,GPU_SIR_BRIDGE,0.28116855345338726
ER1000,synthetic,1000,5000,0.2,100,0.1,16.362600088119507,RK,EXACT,0.32758403608286
ER1000,synthetic,1000,5000,0.2,100,0.1,16.362600088119507,RK,BP,0.11382126288834574
ER1000,synthetic,1000,5000,0.2,100,0.1,16.362600088119507,RK,RK,1.0
ER1000,synthetic,1000,5000,0.2,100,0.1,16.362600088119507,RK,ABRA,0.1613795562178162
ER1000,synthetic,1000,5000,0.2,100,0.1,16.362600088119507,RK,SILVAN,0.15482809562444905
ER1000,synthetic,1000,5000,0.2,100,0.1,16.362600088119507,RK,GPU_SIR_BRIDGE,0.32054658251730345
ER1000,synthetic,1000,5000,0.2,100,0.1,16.362600088119507,ABRA,EXACT,0.5005579042223439
ER1000,synthetic,1000,5000,0.2,100,0.1,16.362600088119507,ABRA,BP,0.12242087760142113
ER1000,synthetic,1000,5000,0.2,100,0.1,16.362600088119507,ABRA,RK,0.16137955621781622
ER1000,synthetic,1000,5000,0.2,100,0.1,16.362600088119507,ABRA,ABRA,1.0
ER1000,synthetic,1000,5000,0.2,100,0.1,16.362600088119507,ABRA,SILVAN,0.20721311340546836
ER1000,synthetic,1000,5000,0.2,100,0.1,16.362600088119507,ABRA,GPU_SIR_BRIDGE,0.48588357646699143
ER1000,synthetic,1000,5000,0.2,100,0.1,16.362600088119507,SILVAN,EXACT,0.43175558548727994
ER1000,synthetic,1000,5000,0.2,100,0.1,16.362600088119507,SILVAN,BP,0.12097103187820223
ER1000,synthetic,1000,5000,0.2,100,0.1,16.362600088119507,SILVAN,RK,0.15482809562444907
ER1000,synthetic,1000,5000,0.2,100,0.1,16.362600088119507,SILVAN,ABRA,0.20721311340546836
ER1000,synthetic,1000,5000,0.2,100,0.1,16.362600088119507,SILVAN,SILVAN,1.0
ER1000,synthetic,1000,5000,0.2,100,0.1,16.362600088119507,SILVAN,GPU_SIR_BRIDGE,0.42464699799968575
ER1000,synthetic,1000,5000,0.2,100,0.1,16.362600088119507,GPU_SIR_BRIDGE,EXACT,0.9807058647058647
ER1000,synthetic,1000,5000,0.2,100,0.1,16.362600088119507,GPU_SIR_BRIDGE,BP,0.28116855345338726
ER1000,synthetic,1000,5000,0.2,100,0.1,16.362600088119507,GPU_SIR_BRIDGE,RK,0.32054658251730345
ER1000,synthetic,1000,5000,0.2,100,0.1,16.362600088119507,GPU_SIR_BRIDGE,ABRA,0.4858835764669915
ER1000,synthetic,1000,5000,0.2,100,0.1,16.362600088119507,GPU_SIR_BRIDGE,SILVAN,0.42464699799968575
ER1000,synthetic,1000,5000,0.2,100,0.1,16.362600088119507,GPU_SIR_BRIDGE,GPU_SIR_BRIDGE,1.0
ER2000,synthetic,1999,10000,0.2,200,0.1,83.15254998207092,EXACT,EXACT,1.0
ER2000,synthetic,1999,10000,0.2,200,0.1,83.15254998207092,EXACT,BP,0.2820344634176314
ER2000,synthetic,1999,10000,0.2,200,0.1,83.15254998207092,EXACT,RK,0.2641844291471393
ER2000,synthetic,1999,10000,0.2,200,0.1,83.15254998207092,EXACT,ABRA,0.4054109553423785
ER2000,synthetic,1999,10000,0.2,200,0.1,83.15254998207092,EXACT,SILVAN,0.3274348428242956
ER2000,synthetic,1999,10000,0.2,200,0.1,83.15254998207092,EXACT,GPU_SIR_BRIDGE,0.9695387243171136
ER2000,synthetic,1999,10000,0.2,200,0.1,83.15254998207092,BP,EXACT,0.2820344634176314
ER2000,synthetic,1999,10000,0.2,200,0.1,83.15254998207092,BP,BP,1.0
ER2000,synthetic,1999,10000,0.2,200,0.1,83.15254998207092,BP,RK,0.08813897162221086
ER2000,synthetic,1999,10000,0.2,200,0.1,83.15254998207092,BP,ABRA,0.136042765644778
ER2000,synthetic,1999,10000,0.2,200,0.1,83.15254998207092,BP,SILVAN,0.1141625244933617
ER2000,synthetic,1999,10000,0.2,200,0.1,83.15254998207092,BP,GPU_SIR_BRIDGE,0.2690482092937707
ER2000,synthetic,1999,10000,0.2,200,0.1,83.15254998207092,RK,EXACT,0.2641844291471393
ER2000,synthetic,1999,10000,0.2,200,0.1,83.15254998207092,RK,BP,0.08813897162221085
ER2000,synthetic,1999,10000,0.2,200,0.1,83.15254998207092,RK,RK,1.0
ER2000,synthetic,1999,10000,0.2,200,0.1,83.15254998207092,RK,ABRA,0.12902144694142986
ER2000,synthetic,1999,10000,0.2,200,0.1,83.15254998207092,RK,SILVAN,0.12984034971026953
ER2000,synthetic,1999,10000,0.2,200,0.1,83.15254998207092,RK,GPU_SIR_BRIDGE,0.26064486733258707
ER2000,synthetic,1999,10000,0.2,200,0.1,83.15254998207092,ABRA,EXACT,0.40541095534237853
ER2000,synthetic,1999,10000,0.2,200,0.1,83.15254998207092,ABRA,BP,0.136042765644778
ER2000,synthetic,1999,10000,0.2,200,0.1,83.15254998207092,ABRA,RK,0.12902144694142986
ER2000,synthetic,1999,10000,0.2,200,0.1,83.15254998207092,ABRA,ABRA,1.0
ER2000,synthetic,1999,10000,0.2,200,0.1,83.15254998207092,ABRA,SILVAN,0.13982524718299139
ER2000,synthetic,1999,10000,0.2,200,0.1,83.15254998207092,ABRA,GPU_SIR_BRIDGE,0.38999807382397583
ER2000,synthetic,1999,10000,0.2,200,0.1,83.15254998207092,SILVAN,EXACT,0.3274348428242956
ER2000,synthetic,1999,10000,0.2,200,0.1,83.15254998207092,SILVAN,BP,0.11416252449336169
ER2000,synthetic,1999,10000,0.2,200,0.1,83.15254998207092,SILVAN,RK,0.12984034971026953
ER2000,synthetic,1999,10000,0.2,200,0.1,83.15254998207092,SILVAN,ABRA,0.13982524718299139
ER2000,synthetic,1999,10000,0.2,200,0.1,83.15254998207092,SILVAN,SILVAN,1.0
ER2000,synthetic,1999,10000,0.2,200,0.1,83.15254998207092,SILVAN,GPU_SIR_BRIDGE,0.3136116376643688
ER2000,synthetic,1999,10000,0.2,200,0.1,83.15254998207092,GPU_SIR_BRIDGE,EXACT,0.9695387243171136
ER2000,synthetic,1999,10000,0.2,200,0.1,83.15254998207092,GPU_SIR_BRIDGE,BP,0.26904820929377066
ER2000,synthetic,1999,10000,0.2,200,0.1,83.15254998207092,GPU_SIR_BRIDGE,RK,0.26064486733258707
ER2000,synthetic,1999,10000,0.2,200,0.1,83.15254998207092,GPU_SIR_BRIDGE,ABRA,0.3899980738239758
ER2000,synthetic,1999,10000,0.2,200,0.1,83.15254998207092,GPU_SIR_BRIDGE,SILVAN,0.3136116376643688
ER2000,synthetic,1999,10000,0.2,200,0.1,83.15254998207092,GPU_SIR_BRIDGE,GPU_SIR_BRIDGE,1.0
ER3000,synthetic,2999,15000,0.2,300,0.1,258.42664313316345,EXACT,EXACT,1.0
ER3000,synthetic,2999,15000,0.2,300,0.1,258.42664313316345,EXACT,BP,0.2935586590217047
ER3000,synthetic,2999,15000,0.2,300,0.1,258.42664313316345,EXACT,RK,0.2202358902607767
ER3000,synthetic,2999,15000,0.2,300,0.1,258.42664313316345,EXACT,ABRA,0.33577392066383716
ER3000,synthetic,2999,15000,0.2,300,0.1,258.42664313316345,EXACT,SILVAN,0.29485573119123376
ER3000,synthetic,2999,15000,0.2,300,0.1,258.42664313316345,EXACT,GPU_SIR_BRIDGE,0.966041922357486
ER3000,synthetic,2999,15000,0.2,300,0.1,258.42664313316345,BP,EXACT,0.2935586590217047
ER3000,synthetic,2999,15000,0.2,300,0.1,258.42664313316345,BP,BP,1.0
ER3000,synthetic,2999,15000,0.2,300,0.1,258.42664313316345,BP,RK,0.05359825308638509
ER3000,synthetic,2999,15000,0.2,300,0.1,258.42664313316345,BP,ABRA,0.11381270596932261
ER3000,synthetic,2999,15000,0.2,300,0.1,258.42664313316345,BP,SILVAN,0.11470405131131801
ER3000,synthetic,2999,15000,0.2,300,0.1,258.42664313316345,BP,GPU_SIR_BRIDGE,0.285123394789958
ER3000,synthetic,2999,15000,0.2,300,0.1,258.42664313316345,RK,EXACT,0.2202358902607767
ER3000,synthetic,2999,15000,0.2,300,0.1,258.42664313316345,RK,BP,0.0535982530863851
ER3000,synthetic,2999,15000,0.2,300,0.1,258.42664313316345,RK,RK,1.0
ER3000,synthetic,2999,15000,0.2,300,0.1,258.42664313316345,RK,ABRA,0.05189315655870155
ER3000,synthetic,2999,15000,0.2,300,0.1,258.42664313316345,RK,SILVAN,0.058896669641120496
ER3000,synthetic,2999,15000,0.2,300,0.1,258.42664313316345,RK,GPU_SIR_BRIDGE,0.21517917488595742
ER3000,synthetic,2999,15000,0.2,300,0.1,258.42664313316345,ABRA,EXACT,0.33577392066383716
ER3000,synthetic,2999,15000,0.2,300,0.1,258.42664313316345,ABRA,BP,0.11381270596932261
ER3000,synthetic,2999,15000,0.2,300,0.1,258.42664313316345,ABRA,RK,0.05189315655870155
ER3000,synthetic,2999,15000,0.2,300,0.1,258.42664313316345,ABRA,ABRA,1.0
ER3000,synthetic,2999,15000,0.2,300,0.1,258.42664313316345,ABRA,SILVAN,0.07768194882360561
ER3000,synthetic,2999,15000,0.2,300,0.1,258.42664313316345,ABRA,GPU_SIR_BRIDGE,0.3221702804442282
ER3000,synthetic,2999,15000,0.2,300,0.1,258.42664313316345,SILVAN,EXACT,0.29485573119123376
ER3000,synthetic,2999,15000,0.2,300,0.1,258.42664313316345,SILVAN,BP,0.11470405131131801
ER3000,synthetic,2999,15000,0.2,300,0.1,258.42664313316345,SILVAN,RK,0.0588966696411205
ER3000,synthetic,2999,15000,0.2,300,0.1,258.42664313316345,SILVAN,ABRA,0.07768194882360561
ER3000,synthetic,2999,15000,0.2,300,0.1,258.42664313316345,SILVAN,SILVAN,1.0
ER3000,synthetic,2999,15000,0.2,300,0.1,258.42664313316345,SILVAN,GPU_SIR_BRIDGE,0.28687406602232635
ER3000,synthetic,2999,15000,0.2,300,0.1,258.42664313316345,GPU_SIR_BRIDGE,EXACT,0.966041922357486
ER3000,synthetic,2999,15000,0.2,300,0.1,258.42664313316345,GPU_SIR_BRIDGE,BP,0.285123394789958
ER3000,synthetic,2999,15000,0.2,300,0.1,258.42664313316345,GPU_SIR_BRIDGE,RK,0.21517917488595742
ER3000,synthetic,2999,15000,0.2,300,0.1,258.42664313316345,GPU_SIR_BRIDGE,ABRA,0.3221702804442282
ER3000,synthetic,2999,15000,0.2,300,0.1,258.42664313316345,GPU_SIR_BRIDGE,SILVAN,0.28687406602232635
ER3000,synthetic,2999,15000,0.2,300,0.1,258.42664313316345,GPU_SIR_BRIDGE,GPU_SIR_BRIDGE,1.0
ER5000,synthetic,5000,25000,0.2,500,0.1,737.0748660564423,EXACT,EXACT,1.0
ER5000,synthetic,5000,25000,0.2,500,0.1,737.0748660564423,EXACT,BP,0.24957669468414068
ER5000,synthetic,5000,25000,0.2,500,0.1,737.0748660564423,EXACT,RK,0.17812189918477692
ER5000,synthetic,5000,25000,0.2,500,0.1,737.0748660564423,EXACT,ABRA,0.2868213447949628
ER5000,synthetic,5000,25000,0.2,500,0.1,737.0748660564423,EXACT,SILVAN,0.24217874294608677
ER5000,synthetic,5000,25000,0.2,500,0.1,737.0748660564423,EXACT,GPU_SIR_BRIDGE,0.9554306513372258
ER5000,synthetic,5000,25000,0.2,500,0.1,737.0748660564423,BP,EXACT,0.2495766946841407
ER5000,synthetic,5000,25000,0.2,500,0.1,737.0748660564423,BP,BP,1.0
ER5000,synthetic,5000,25000,0.2,500,0.1,737.0748660564423,BP,RK,0.02808584113390664
ER5000,synthetic,5000,25000,0.2,500,0.1,737.0748660564423,BP,ABRA,0.09980703377385032
ER5000,synthetic,5000,25000,0.2,500,0.1,737.0748660564423,BP,SILVAN,0.04147319573371061
ER5000,synthetic,5000,25000,0.2,500,0.1,737.0748660564423,BP,GPU_SIR_BRIDGE,0.2432318477487567
ER5000,synthetic,5000,25000,0.2,500,0.1,737.0748660564423,RK,EXACT,0.17812189918477692
ER5000,synthetic,5000,25000,0.2,500,0.1,737.0748660564423,RK,BP,0.028085841133906643
ER5000,synthetic,5000,25000,0.2,500,0.1,737.0748660564423,RK,RK,1.0
ER5000,synthetic,5000,25000,0.2,500,0.1,737.0748660564423,RK,ABRA,0.029045707616520873
ER5000,synthetic,5000,25000,0.2,500,0.1,737.0748660564423,RK,SILVAN,0.03734914128872234
ER5000,synthetic,5000,25000,0.2,500,0.1,737.0748660564423,RK,GPU_SIR_BRIDGE,0.16511996697363923
ER5000,synthetic,5000,25000,0.2,500,0.1,737.0748660564423,ABRA,EXACT,0.28682134479496274
ER5000,synthetic,5000,25000,0.2,500,0.1,737.0748660564423,ABRA,BP,0.0998070337738503
ER5000,synthetic,5000,25000,0.2,500,0.1,737.0748660564423,ABRA,RK,0.02904570761652087
ER5000,synthetic,5000,25000,0.2,500,0.1,737.0748660564423,ABRA,ABRA,1.0
ER5000,synthetic,5000,25000,0.2,500,0.1,737.0748660564423,ABRA,SILVAN,0.07257836246665238
ER5000,synthetic,5000,25000,0.2,500,0.1,737.0748660564423,ABRA,GPU_SIR_BRIDGE,0.27528328928675877
ER5000,synthetic,5000,25000,0.2,500,0.1,737.0748660564423,SILVAN,EXACT,0.24217874294608677
ER5000,synthetic,5000,25000,0.2,500,0.1,737.0748660564423,SILVAN,BP,0.04147319573371061
ER5000,synthetic,5000,25000,0.2,500,0.1,737.0748660564423,SILVAN,RK,0.03734914128872234
ER5000,synthetic,5000,25000,0.2,500,0.1,737.0748660564423,SILVAN,ABRA,0.07257836246665238
ER5000,synthetic,5000,25000,0.2,500,0.1,737.0748660564423,SILVAN,SILVAN,1.0
ER5000,synthetic,5000,25000,0.2,500,0.1,737.0748660564423,SILVAN,GPU_SIR_BRIDGE,0.23253266252257315
ER5000,synthetic,5000,25000,0.2,500,0.1,737.0748660564423,GPU_SIR_BRIDGE,EXACT,0.9554306513372258
ER5000,synthetic,5000,25000,0.2,500,0.1,737.0748660564423,GPU_SIR_BRIDGE,BP,0.2432318477487567
ER5000,synthetic,5000,25000,0.2,500,0.1,737.0748660564423,GPU_SIR_BRIDGE,RK,0.16511996697363923
ER5000,synthetic,5000,25000,0.2,500,0.1,737.0748660564423,GPU_SIR_BRIDGE,ABRA,0.2752832892867588
ER5000,synthetic,5000,25000,0.2,500,0.1,737.0748660564423,GPU_SIR_BRIDGE,SILVAN,0.23253266252257318
ER5000,synthetic,5000,25000,0.2,500,0.1,737.0748660564423,GPU_SIR_BRIDGE,GPU_SIR_BRIDGE,1.0
WS1000,synthetic,1000,5000,0.2,100,0.1,26.99643588066101,EXACT,EXACT,1.0
WS1000,synthetic,1000,5000,0.2,100,0.1,26.99643588066101,EXACT,BP,0.5960333551452766
WS1000,synthetic,1000,5000,0.2,100,0.1,26.99643588066101,EXACT,RK,0.5550740104526363
WS1000,synthetic,1000,5000,0.2,100,0.1,26.99643588066101,EXACT,ABRA,0.6851547826797721
WS1000,synthetic,1000,5000,0.2,100,0.1,26.99643588066101,EXACT,SILVAN,0.7483384617125857
WS1000,synthetic,1000,5000,0.2,100,0.1,26.99643588066101,EXACT,GPU_SIR_BRIDGE,0.899952731952732
WS1000,synthetic,1000,5000,0.2,100,0.1,26.99643588066101,BP,EXACT,0.5960333551452766
WS1000,synthetic,1000,5000,0.2,100,0.1,26.99643588066101,BP,BP,1.0
WS1000,synthetic,1000,5000,0.2,100,0.1,26.99643588066101,BP,RK,0.40357667564928035
WS1000,synthetic,1000,5000,0.2,100,0.1,26.99643588066101,BP,ABRA,0.46233155752777966
WS1000,synthetic,1000,5000,0.2,100,0.1,26.99643588066101,BP,SILVAN,0.49163341666917254
WS1000,synthetic,1000,5000,0.2,100,0.1,26.99643588066101,BP,GPU_SIR_BRIDGE,0.560677474509501
WS1000,synthetic,1000,5000,0.2,100,0.1,26.99643588066101,RK,EXACT,0.5550740104526363
WS1000,synthetic,1000,5000,0.2,100,0.1,26.99643588066101,RK,BP,0.40357667564928035
WS1000,synthetic,1000,5000,0.2,100,0.1,26.99643588066101,RK,RK,1.0
WS1000,synthetic,1000,5000,0.2,100,0.1,26.99643588066101,RK,ABRA,0.4353656721250081
WS1000,synthetic,1000,5000,0.2,100,0.1,26.99643588066101,RK,SILVAN,0.46774089242538747
WS1000,synthetic,1000,5000,0.2,100,0.1,26.99643588066101,RK,GPU_SIR_BRIDGE,0.5290061475563547
WS1000,synthetic,1000,5000,0.2,100,0.1,26.99643588066101,ABRA,EXACT,0.6851547826797721
WS1000,synthetic,1000,5000,0.2,100,0.1,26.99643588066101,ABRA,BP,0.4623315575277797
WS1000,synthetic,1000,5000,0.2,100,0.1,26.99643588066101,ABRA,RK,0.43536567212500804
WS1000,synthetic,1000,5000,0.2,100,0.1,26.99643588066101,ABRA,ABRA,1.0
WS1000,synthetic,1000,5000,0.2,100,0.1,26.99643588066101,ABRA,SILVAN,0.5451224973130625
WS1000,synthetic,1000,5000,0.2,100,0.1,26.99643588066101,ABRA,GPU_SIR_BRIDGE,0.6438748638471637
WS1000,synthetic,1000,5000,0.2,100,0.1,26.99643588066101,SILVAN,EXACT,0.7483384617125856
WS1000,synthetic,1000,5000,0.2,100,0.1,26.99643588066101,SILVAN,BP,0.49163341666917254
WS1000,synthetic,1000,5000,0.2,100,0.1,26.99643588066101,SILVAN,RK,0.46774089242538747
WS1000,synthetic,1000,5000,0.2,100,0.1,26.99643588066101,SILVAN,ABRA,0.5451224973130625
WS1000,synthetic,1000,5000,0.2,100,0.1,26.99643588066101,SILVAN,SILVAN,1.0
WS1000,synthetic,1000,5000,0.2,100,0.1,26.99643588066101,SILVAN,GPU_SIR_BRIDGE,0.6979889310887748
WS1000,synthetic,1000,5000,0.2,100,0.1,26.99643588066101,GPU_SIR_BRIDGE,EXACT,0.899952731952732
WS1000,synthetic,1000,5000,0.2,100,0.1,26.99643588066101,GPU_SIR_BRIDGE,BP,0.560677474509501
WS1000,synthetic,1000,5000,0.2,100,0.1,26.99643588066101,GPU_SIR_BRIDGE,RK,0.5290061475563547
WS1000,synthetic,1000,5000,0.2,100,0.1,26.99643588066101,GPU_SIR_BRIDGE,ABRA,0.6438748638471637
WS1000,synthetic,1000,5000,0.2,100,0.1,26.99643588066101,GPU_SIR_BRIDGE,SILVAN,0.6979889310887749
WS1000,synthetic,1000,5000,0.2,100,0.1,26.99643588066101,GPU_SIR_BRIDGE,GPU_SIR_BRIDGE,1.0
WS2000,synthetic,2000,10000,0.2,200,0.1,100.51280331611633,EXACT,EXACT,1.0
WS2000,synthetic,2000,10000,0.2,200,0.1,100.51280331611633,EXACT,BP,0.5556476144671063
WS2000,synthetic,2000,10000,0.2,200,0.1,100.51280331611633,EXACT,RK,0.5086215344343724
WS2000,synthetic,2000,10000,0.2,200,0.1,100.51280331611633,EXACT,ABRA,0.5850809306118278
WS2000,synthetic,2000,10000,0.2,200,0.1,100.51280331611633,EXACT,SILVAN,0.6440954853169992
WS2000,synthetic,2000,10000,0.2,200,0.1,100.51280331611633,EXACT,GPU_SIR_BRIDGE,0.9076447189111797
WS2000,synthetic,2000,10000,0.2,200,0.1,100.51280331611633,BP,EXACT,0.5556476144671063
WS2000,synthetic,2000,10000,0.2,200,0.1,100.51280331611633,BP,BP,1.0
WS2000,synthetic,2000,10000,0.2,200,0.1,100.51280331611633,BP,RK,0.3651448420443903
WS2000,synthetic,2000,10000,0.2,200,0.1,100.51280331611633,BP,ABRA,0.3537609116374924
WS2000,synthetic,2000,10000,0.2,200,0.1,100.51280331611633,BP,SILVAN,0.3891364878296316
WS2000,synthetic,2000,10000,0.2,200,0.1,100.51280331611633,BP,GPU_SIR_BRIDGE,0.5291802348236537
WS2000,synthetic,2000,10000,0.2,200,0.1,100.51280331611633,RK,EXACT,0.5086215344343724
WS2000,synthetic,2000,10000,0.2,200,0.1,100.51280331611633,RK,BP,0.36514484204439024
WS2000,synthetic,2000,10000,0.2,200,0.1,100.51280331611633,RK,RK,1.0
WS2000,synthetic,2000,10000,0.2,200,0.1,100.51280331611633,RK,ABRA,0.33563239907790215
WS2000,synthetic,2000,10000,0.2,200,0.1,100.51280331611633,RK,SILVAN,0.382551023345508
WS2000,synthetic,2000,10000,0.2,200,0.1,100.51280331611633,RK,GPU_SIR_BRIDGE,0.4875366985190542
WS2000,synthetic,2000,10000,0.2,200,0.1,100.51280331611633,ABRA,EXACT,0.5850809306118278
WS2000,synthetic,2000,10000,0.2,200,0.1,100.51280331611633,ABRA,BP,0.3537609116374924
WS2000,synthetic,2000,10000,0.2,200,0.1,100.51280331611633,ABRA,RK,0.33563239907790215
WS2000,synthetic,2000,10000,0.2,200,0.1,100.51280331611633,ABRA,ABRA,1.0
WS2000,synthetic,2000,10000,0.2,200,0.1,100.51280331611633,ABRA,SILVAN,0.42433491149214386
WS2000,synthetic,2000,10000,0.2,200,0.1,100.51280331611633,ABRA,GPU_SIR_BRIDGE,0.5660163152132863
WS2000,synthetic,2000,10000,0.2,200,0.1,100.51280331611633,SILVAN,EXACT,0.6440954853169991
WS2000,synthetic,2000,10000,0.2,200,0.1,100.51280331611633,SILVAN,BP,0.3891364878296316
WS2000,synthetic,2000,10000,0.2,200,0.1,100.51280331611633,SILVAN,RK,0.382551023345508
WS2000,synthetic,2000,10000,0.2,200,0.1,100.51280331611633,SILVAN,ABRA,0.4243349114921438
WS2000,synthetic,2000,10000,0.2,200,0.1,100.51280331611633,SILVAN,SILVAN,1.0
WS2000,synthetic,2000,10000,0.2,200,0.1,100.51280331611633,SILVAN,GPU_SIR_BRIDGE,0.5994473036220084
WS2000,synthetic,2000,10000,0.2,200,0.1,100.51280331611633,GPU_SIR_BRIDGE,EXACT,0.9076447189111797
WS2000,synthetic,2000,10000,0.2,200,0.1,100.51280331611633,GPU_SIR_BRIDGE,BP,0.5291802348236537
WS2000,synthetic,2000,10000,0.2,200,0.1,100.51280331611633,GPU_SIR_BRIDGE,RK,0.4875366985190542
WS2000,synthetic,2000,10000,0.2,200,0.1,100.51280331611633,GPU_SIR_BRIDGE,ABRA,0.5660163152132863
WS2000,synthetic,2000,10000,0.2,200,0.1,100.51280331611633,GPU_SIR_BRIDGE,SILVAN,0.5994473036220084
WS2000,synthetic,2000,10000,0.2,200,0.1,100.51280331611633,GPU_SIR_BRIDGE,GPU_SIR_BRIDGE,1.0
WS3000,synthetic,3000,15000,0.2,300,0.1,266.2185254096985,EXACT,EXACT,1.0
WS3000,synthetic,3000,15000,0.2,300,0.1,266.2185254096985,EXACT,BP,0.5192067727273949
WS3000,synthetic,3000,15000,0.2,300,0.1,266.2185254096985,EXACT,RK,0.45275983812835413
WS3000,synthetic,3000,15000,0.2,300,0.1,266.2185254096985,EXACT,ABRA,0.5371337710711316
WS3000,synthetic,3000,15000,0.2,300,0.1,266.2185254096985,EXACT,SILVAN,0.5846305651320507
WS3000,synthetic,3000,15000,0.2,300,0.1,266.2185254096985,EXACT,GPU_SIR_BRIDGE,0.9161358355706483
WS3000,synthetic,3000,15000,0.2,300,0.1,266.2185254096985,BP,EXACT,0.5192067727273949
WS3000,synthetic,3000,15000,0.2,300,0.1,266.2185254096985,BP,BP,1.0
WS3000,synthetic,3000,15000,0.2,300,0.1,266.2185254096985,BP,RK,0.28133538354371695
WS3000,synthetic,3000,15000,0.2,300,0.1,266.2185254096985,BP,ABRA,0.3440491487655796
WS3000,synthetic,3000,15000,0.2,300,0.1,266.2185254096985,BP,SILVAN,0.3479979836559569
WS3000,synthetic,3000,15000,0.2,300,0.1,266.2185254096985,BP,GPU_SIR_BRIDGE,0.4925440612077124
WS3000,synthetic,3000,15000,0.2,300,0.1,266.2185254096985,RK,EXACT,0.4527598381283541
WS3000,synthetic,3000,15000,0.2,300,0.1,266.2185254096985,RK,BP,0.28133538354371695
WS3000,synthetic,3000,15000,0.2,300,0.1,266.2185254096985,RK,RK,1.0
WS3000,synthetic,3000,15000,0.2,300,0.1,266.2185254096985,RK,ABRA,0.27594659379515857
WS3000,synthetic,3000,15000,0.2,300,0.1,266.2185254096985,RK,SILVAN,0.30453612520268164
WS3000,synthetic,3000,15000,0.2,300,0.1,266.2185254096985,RK,GPU_SIR_BRIDGE,0.43669910323815253
WS3000,synthetic,3000,15000,0.2,300,0.1,266.2185254096985,ABRA,EXACT,0.5371337710711316
WS3000,synthetic,3000,15000,0.2,300,0.1,266.2185254096985,ABRA,BP,0.3440491487655796
WS3000,synthetic,3000,15000,0.2,300,0.1,266.2185254096985,ABRA,RK,0.2759465937951585
WS3000,synthetic,3000,15000,0.2,300,0.1,266.2185254096985,ABRA,ABRA,1.0
WS3000,synthetic,3000,15000,0.2,300,0.1,266.2185254096985,ABRA,SILVAN,0.3812227129279967
WS3000,synthetic,3000,15000,0.2,300,0.1,266.2185254096985,ABRA,GPU_SIR_BRIDGE,0.5206318277377611
WS3000,synthetic,3000,15000,0.2,300,0.1,266.2185254096985,SILVAN,EXACT,0.5846305651320507
WS3000,synthetic,3000,15000,0.2,300,0.1,266.2185254096985,SILVAN,BP,0.3479979836559569
WS3000,synthetic,3000,15000,0.2,300,0.1,266.2185254096985,SILVAN,RK,0.3045361252026817
WS3000,synthetic,3000,15000,0.2,300,0.1,266.2185254096985,SILVAN,ABRA,0.3812227129279967
WS3000,synthetic,3000,15000,0.2,300,0.1,266.2185254096985,SILVAN,SILVAN,1.0
WS3000,synthetic,3000,15000,0.2,300,0.1,266.2185254096985,SILVAN,GPU_SIR_BRIDGE,0.5727668016250025
WS3000,synthetic,3000,15000,0.2,300,0.1,266.2185254096985,GPU_SIR_BRIDGE,EXACT,0.9161358355706483
WS3000,synthetic,3000,15000,0.2,300,0.1,266.2185254096985,GPU_SIR_BRIDGE,BP,0.4925440612077124
WS3000,synthetic,3000,15000,0.2,300,0.1,266.2185254096985,GPU_SIR_BRIDGE,RK,0.4366991032381526
WS3000,synthetic,3000,15000,0.2,300,0.1,266.2185254096985,GPU_SIR_BRIDGE,ABRA,0.5206318277377611
WS3000,synthetic,3000,15000,0.2,300,0.1,266.2185254096985,GPU_SIR_BRIDGE,SILVAN,0.5727668016250025
WS3000,synthetic,3000,15000,0.2,300,0.1,266.2185254096985,GPU_SIR_BRIDGE,GPU_SIR_BRIDGE,1.0
WS5000,synthetic,5000,25000,0.2,500,0.1,839.2279541492462,EXACT,EXACT,1.0
WS5000,synthetic,5000,25000,0.2,500,0.1,839.2279541492462,EXACT,BP,0.4700312199747241
WS5000,synthetic,5000,25000,0.2,500,0.1,839.2279541492462,EXACT,RK,0.39795643462750424
WS5000,synthetic,5000,25000,0.2,500,0.1,839.2279541492462,EXACT,ABRA,0.4387782108132397
WS5000,synthetic,5000,25000,0.2,500,0.1,839.2279541492462,EXACT,SILVAN,0.5048003180163826
WS5000,synthetic,5000,25000,0.2,500,0.1,839.2279541492462,EXACT,GPU_SIR_BRIDGE,0.9086551118022044
WS5000,synthetic,5000,25000,0.2,500,0.1,839.2279541492462,BP,EXACT,0.4700312199747241
WS5000,synthetic,5000,25000,0.2,500,0.1,839.2279541492462,BP,BP,1.0
WS5000,synthetic,5000,25000,0.2,500,0.1,839.2279541492462,BP,RK,0.2190388491687927
WS5000,synthetic,5000,25000,0.2,500,0.1,839.2279541492462,BP,ABRA,0.20970656047287833
WS5000,synthetic,5000,25000,0.2,500,0.1,839.2279541492462,BP,SILVAN,0.2752347648276992
WS5000,synthetic,5000,25000,0.2,500,0.1,839.2279541492462,BP,GPU_SIR_BRIDGE,0.4475573956392252
WS5000,synthetic,5000,25000,0.2,500,0.1,839.2279541492462,RK,EXACT,0.3979564346275043
WS5000,synthetic,5000,25000,0.2,500,0.1,839.2279541492462,RK,BP,0.21903884916879268
WS5000,synthetic,5000,25000,0.2,500,0.1,839.2279541492462,RK,RK,1.0
WS5000,synthetic,5000,25000,0.2,500,0.1,839.2279541492462,RK,ABRA,0.19149281660422443
WS5000,synthetic,5000,25000,0.2,500,0.1,839.2279541492462,RK,SILVAN,0.24097492548485544
WS5000,synthetic,5000,25000,0.2,500,0.1,839.2279541492462,RK,GPU_SIR_BRIDGE,0.3692995700144905
WS5000,synthetic,5000,25000,0.2,500,0.1,839.2279541492462,ABRA,EXACT,0.4387782108132397
WS5000,synthetic,5000,25000,0.2,500,0.1,839.2279541492462,ABRA,BP,0.20970656047287833
WS5000,synthetic,5000,25000,0.2,500,0.1,839.2279541492462,ABRA,RK,0.1914928166042244
WS5000,synthetic,5000,25000,0.2,500,0.1,839.2279541492462,ABRA,ABRA,1.0
WS5000,synthetic,5000,25000,0.2,500,0.1,839.2279541492462,ABRA,SILVAN,0.25135429881822174
WS5000,synthetic,5000,25000,0.2,500,0.1,839.2279541492462,ABRA,GPU_SIR_BRIDGE,0.418730540304004
WS5000,synthetic,5000,25000,0.2,500,0.1,839.2279541492462,SILVAN,EXACT,0.5048003180163826
WS5000,synthetic,5000,25000,0.2,500,0.1,839.2279541492462,SILVAN,BP,0.2752347648276992
WS5000,synthetic,5000,25000,0.2,500,0.1,839.2279541492462,SILVAN,RK,0.24097492548485544
WS5000,synthetic,5000,25000,0.2,500,0.1,839.2279541492462,SILVAN,ABRA,0.25135429881822174
WS5000,synthetic,5000,25000,0.2,500,0.1,839.2279541492462,SILVAN,SILVAN,1.0
WS5000,synthetic,5000,25000,0.2,500,0.1,839.2279541492462,SILVAN,GPU_SIR_BRIDGE,0.48563722437020274
WS5000,synthetic,5000,25000,0.2,500,0.1,839.2279541492462,GPU_SIR_BRIDGE,EXACT,0.9086551118022044
WS5000,synthetic,5000,25000,0.2,500,0.1,839.2279541492462,GPU_SIR_BRIDGE,BP,0.4475573956392252
WS5000,synthetic,5000,25000,0.2,500,0.1,839.2279541492462,GPU_SIR_BRIDGE,RK,0.3692995700144905
WS5000,synthetic,5000,25000,0.2,500,0.1,839.2279541492462,GPU_SIR_BRIDGE,ABRA,0.418730540304004
WS5000,synthetic,5000,25000,0.2,500,0.1,839.2279541492462,GPU_SIR_BRIDGE,SILVAN,0.4856372243702028
WS5000,synthetic,5000,25000,0.2,500,0.1,839.2279541492462,GPU_SIR_BRIDGE,GPU_SIR_BRIDGE,1.0
